frameNumber,skeletonID,totalSkeletons,2DX_head,2DY_head,visible_head,2DX_neck,2DY_neck,visible_neck,2DX_rshoulder,2DY_rshoulder,visible_rshoulder,2DX_relbow,2DY_relbow,visible_relbow,2DX_rhand,2DY_rhand,visible_rhand,2DX_lshoulder,2DY_lshoulder,visible_lshoulder,2DX_lelbow,2DY_lelbow,visible_lelbow,2DX_lhand,2DY_lhand,visible_lhand,2DX_hip,2DY_hip,visible_hip,2DX_rhip,2DY_rhip,visible_rhip,2DX_rknee,2DY_rknee,visible_rknee,2DX_rfoot,2DY_rfoot,visible_rfoot,2DX_lhip,2DY_lhip,visible_lhip,2DX_lknee,2DY_lknee,visible_lknee,2DX_lfoot,2DY_lfoot,visible_lfoot,2DX_endsite_eye.r,2DY_endsite_eye.r,visible_endsite_eye.r,2DX_endsite_eye.l,2DY_endsite_eye.l,visible_endsite_eye.l,2DX_rear,2DY_rear,visible_rear,2DX_lear,2DY_lear,visible_lear,2DX_endsite_toe1-2.l,2DY_endsite_toe1-2.l,visible_endsite_toe1-2.l,2DX_endsite_toe5-3.l,2DY_endsite_toe5-3.l,visible_endsite_toe5-3.l,2DX_lheel,2DY_lheel,visible_lheel,2DX_endsite_toe1-2.r,2DY_endsite_toe1-2.r,visible_endsite_toe1-2.r,2DX_endsite_toe5-3.r,2DY_endsite_toe5-3.r,visible_endsite_toe5-3.r,2DX_rheel,2DY_rheel,visible_rheel,2DX_bkg,2DY_bkg,visible_bkg,2DX_lhand,2DY_lhand,visible_lhand,2DX_lthumb,2DY_lthumb,visible_lthumb,2DX_finger1-2.l,2DY_finger1-2.l,visible_finger1-2.l,2DX_finger1-3.l,2DY_finger1-3.l,visible_finger1-3.l,2DX_endsite_finger1-3.l,2DY_endsite_finger1-3.l,visible_endsite_finger1-3.l,2DX_finger2-1.l,2DY_finger2-1.l,visible_finger2-1.l,2DX_finger2-2.l,2DY_finger2-2.l,visible_finger2-2.l,2DX_finger2-3.l,2DY_finger2-3.l,visible_finger2-3.l,2DX_endsite_finger2-3.l,2DY_endsite_finger2-3.l,visible_endsite_finger2-3.l,2DX_finger3-1.l,2DY_finger3-1.l,visible_finger3-1.l,2DX_finger3-2.l,2DY_finger3-2.l,visible_finger3-2.l,2DX_finger3-3.l,2DY_finger3-3.l,visible_finger3-3.l,2DX_endsite_finger3-3.l,2DY_endsite_finger3-3.l,visible_endsite_finger3-3.l,2DX_finger4-1.l,2DY_finger4-1.l,visible_finger4-1.l,2DX_finger4-2.l,2DY_finger4-2.l,visible_finger4-2.l,2DX_finger4-3.l,2DY_finger4-3.l,visible_finger4-3.l,2DX_endsite_finger4-3.l,2DY_endsite_finger4-3.l,visible_endsite_finger4-3.l,2DX_finger5-1.l,2DY_finger5-1.l,visible_finger5-1.l,2DX_finger5-2.l,2DY_finger5-2.l,visible_finger5-2.l,2DX_finger5-3.l,2DY_finger5-3.l,visible_finger5-3.l,2DX_endsite_finger5-3.l,2DY_endsite_finger5-3.l,visible_endsite_finger5-3.l,2DX_rhand,2DY_rhand,visible_rhand,2DX_rthumb,2DY_rthumb,visible_rthumb,2DX_finger1-2.r,2DY_finger1-2.r,visible_finger1-2.r,2DX_finger1-3.r,2DY_finger1-3.r,visible_finger1-3.r,2DX_endsite_finger1-3.r,2DY_endsite_finger1-3.r,visible_endsite_finger1-3.r,2DX_finger2-1.r,2DY_finger2-1.r,visible_finger2-1.r,2DX_finger2-2.r,2DY_finger2-2.r,visible_finger2-2.r,2DX_finger2-3.r,2DY_finger2-3.r,visible_finger2-3.r,2DX_endsite_finger2-3.r,2DY_endsite_finger2-3.r,visible_endsite_finger2-3.r,2DX_finger3-1.r,2DY_finger3-1.r,visible_finger3-1.r,2DX_finger3-2.r,2DY_finger3-2.r,visible_finger3-2.r,2DX_finger3-3.r,2DY_finger3-3.r,visible_finger3-3.r,2DX_endsite_finger3-3.r,2DY_endsite_finger3-3.r,visible_endsite_finger3-3.r,2DX_finger4-1.r,2DY_finger4-1.r,visible_finger4-1.r,2DX_finger4-2.r,2DY_finger4-2.r,visible_finger4-2.r,2DX_finger4-3.r,2DY_finger4-3.r,visible_finger4-3.r,2DX_endsite_finger4-3.r,2DY_endsite_finger4-3.r,visible_endsite_finger4-3.r,2DX_finger5-1.r,2DY_finger5-1.r,visible_finger5-1.r,2DX_finger5-2.r,2DY_finger5-2.r,visible_finger5-2.r,2DX_finger5-3.r,2DY_finger5-3.r,visible_finger5-3.r,2DX_endsite_finger5-3.r,2DY_endsite_finger5-3.r,visible_endsite_finger5-3.r,2DX_head_rchin_0,2DY_head_rchin_0,visible_head_rchin_0,2DX_head_rchin_1,2DY_head_rchin_1,visible_head_rchin_1,2DX_head_rchin_2,2DY_head_rchin_2,visible_head_rchin_2,2DX_head_rchin_3,2DY_head_rchin_3,visible_head_rchin_3,2DX_head_rchin_4,2DY_head_rchin_4,visible_head_rchin_4,2DX_head_rchin_5,2DY_head_rchin_5,visible_head_rchin_5,2DX_head_rchin_6,2DY_head_rchin_6,visible_head_rchin_6,2DX_head_rchin_7,2DY_head_rchin_7,visible_head_rchin_7,2DX_head_chin,2DY_head_chin,visible_head_chin,2DX_head_lchin_7,2DY_head_lchin_7,visible_head_lchin_7,2DX_head_lchin_6,2DY_head_lchin_6,visible_head_lchin_6,2DX_head_lchin_5,2DY_head_lchin_5,visible_head_lchin_5,2DX_head_lchin_4,2DY_head_lchin_4,visible_head_lchin_4,2DX_head_lchin_3,2DY_head_lchin_3,visible_head_lchin_3,2DX_head_lchin_2,2DY_head_lchin_2,visible_head_lchin_2,2DX_head_lchin_1,2DY_head_lchin_1,visible_head_lchin_1,2DX_head_lchin_0,2DY_head_lchin_0,visible_head_lchin_0,2DX_head_reyebrow_0,2DY_head_reyebrow_0,visible_head_reyebrow_0,2DX_head_reyebrow_1,2DY_head_reyebrow_1,visible_head_reyebrow_1,2DX_head_reyebrow_2,2DY_head_reyebrow_2,visible_head_reyebrow_2,2DX_head_reyebrow_3,2DY_head_reyebrow_3,visible_head_reyebrow_3,2DX_head_reyebrow_4,2DY_head_reyebrow_4,visible_head_reyebrow_4,2DX_head_leyebrow_4,2DY_head_leyebrow_4,visible_head_leyebrow_4,2DX_head_leyebrow_3,2DY_head_leyebrow_3,visible_head_leyebrow_3,2DX_head_leyebrow_2,2DY_head_leyebrow_2,visible_head_leyebrow_2,2DX_head_leyebrow_1,2DY_head_leyebrow_1,visible_head_leyebrow_1,2DX_head_leyebrow_0,2DY_head_leyebrow_0,visible_head_leyebrow_0,2DX_head_nosebone_0,2DY_head_nosebone_0,visible_head_nosebone_0,2DX_head_nosebone_1,2DY_head_nosebone_1,visible_head_nosebone_1,2DX_head_nosebone_2,2DY_head_nosebone_2,visible_head_nosebone_2,2DX_head_nosebone_3,2DY_head_nosebone_3,visible_head_nosebone_3,2DX_head_nostrills_0,2DY_head_nostrills_0,visible_head_nostrills_0,2DX_head_nostrills_1,2DY_head_nostrills_1,visible_head_nostrills_1,2DX_head_nostrills_2,2DY_head_nostrills_2,visible_head_nostrills_2,2DX_head_nostrills_3,2DY_head_nostrills_3,visible_head_nostrills_3,2DX_head_nostrills_4,2DY_head_nostrills_4,visible_head_nostrills_4,2DX_head_reye_0,2DY_head_reye_0,visible_head_reye_0,2DX_head_reye_1,2DY_head_reye_1,visible_head_reye_1,2DX_head_reye_2,2DY_head_reye_2,visible_head_reye_2,2DX_head_reye_3,2DY_head_reye_3,visible_head_reye_3,2DX_head_reye_4,2DY_head_reye_4,visible_head_reye_4,2DX_head_reye_5,2DY_head_reye_5,visible_head_reye_5,2DX_head_leye_0,2DY_head_leye_0,visible_head_leye_0,2DX_head_leye_1,2DY_head_leye_1,visible_head_leye_1,2DX_head_leye_2,2DY_head_leye_2,visible_head_leye_2,2DX_head_leye_3,2DY_head_leye_3,visible_head_leye_3,2DX_head_leye_4,2DY_head_leye_4,visible_head_leye_4,2DX_head_leye_5,2DY_head_leye_5,visible_head_leye_5,2DX_head_outmouth_0,2DY_head_outmouth_0,visible_head_outmouth_0,2DX_head_outmouth_1,2DY_head_outmouth_1,visible_head_outmouth_1,2DX_head_outmouth_2,2DY_head_outmouth_2,visible_head_outmouth_2,2DX_head_outmouth_3,2DY_head_outmouth_3,visible_head_outmouth_3,2DX_head_outmouth_4,2DY_head_outmouth_4,visible_head_outmouth_4,2DX_head_outmouth_5,2DY_head_outmouth_5,visible_head_outmouth_5,2DX_head_outmouth_6,2DY_head_outmouth_6,visible_head_outmouth_6,2DX_head_outmouth_7,2DY_head_outmouth_7,visible_head_outmouth_7,2DX_head_outmouth_8,2DY_head_outmouth_8,visible_head_outmouth_8,2DX_head_outmouth_9,2DY_head_outmouth_9,visible_head_outmouth_9,2DX_head_outmouth_10,2DY_head_outmouth_10,visible_head_outmouth_10,2DX_head_outmouth_11,2DY_head_outmouth_11,visible_head_outmouth_11,2DX_head_inmouth_0,2DY_head_inmouth_0,visible_head_inmouth_0,2DX_head_inmouth_1,2DY_head_inmouth_1,visible_head_inmouth_1,2DX_head_inmouth_2,2DY_head_inmouth_2,visible_head_inmouth_2,2DX_head_inmouth_3,2DY_head_inmouth_3,visible_head_inmouth_3,2DX_head_inmouth_4,2DY_head_inmouth_4,visible_head_inmouth_4,2DX_head_inmouth_5,2DY_head_inmouth_5,visible_head_inmouth_5,2DX_head_inmouth_6,2DY_head_inmouth_6,visible_head_inmouth_6,2DX_head_inmouth_7,2DY_head_inmouth_7,visible_head_inmouth_7,2DX_head_reye,2DY_head_reye,visible_head_reye,2DX_head_leye,2DY_head_leye,visible_head_leye
0,0,0,0.476279,0.338934,1,0.500095,0.396028,1,0.420730,0.437417,1,0.373244,0.621572,1,0.404653,0.607108,1,0.587135,0.394872,1,0.627031,0.578707,1,0.563443,0.606369,1,0.531781,0.776353,1,0.476241,0.804255,1,0.476419,0.945269,1,0.000000,0.000000,0,0.586984,0.762203,1,0.595187,0.959704,1,0.000000,0.000000,0,0.468189,0.296553,1,0.491969,0.282875,1,0.452208,0.296857,1,0.531547,0.282334,1,0.000000,0.000000,0,0.000000,0.000000,0,0.000000,0.000000,0,0.000000,0.000000,0,0.000000,0.000000,0,0.000000,0.000000,0,0.000000,0.000000,0,0.000000,0.000000,0,0.000000,0.000000,0,0.000000,0.000000,0,0.000000,0.000000,0,0.000000,0.000000,0,0.000000,0.000000,0,0.000000,0.000000,0,0.000000,0.000000,0,0.000000,0.000000,0,0.000000,0.000000,0,0.000000,0.000000,0,0.000000,0.000000,0,0.000000,0.000000,0,0.000000,0.000000,0,0.000000,0.000000,0,0.000000,0.000000,0,0.000000,0.000000,0,0.000000,0.000000,0,0.000000,0.000000,0,0.000000,0.000000,0,0.000000,0.000000,0,0.000000,0.000000,0,0.000000,0.000000,0,0.000000,0.000000,0,0.000000,0.000000,0,0.000000,0.000000,0,0.000000,0.000000,0,0.000000,0.000000,0,0.000000,0.000000,0,0.000000,0.000000,0,0.000000,0.000000,0,0.000000,0.000000,0,0.000000,0.000000,0,0.000000,0.000000,0,0.000000,0.000000,0,0.000000,0.000000,0,0.000000,0.000000,0,0.000000,0.000000,0,0.000000,0.000000,0,0.000000,0.000000,0,0.000000,0.000000,0,0.000000,0.000000,0,0.000000,0.000000,0,0.000000,0.000000,0,0.000000,0.000000,0,0.000000,0.000000,0,0.000000,0.000000,0,0.000000,0.000000,0,0.000000,0.000000,0,0.000000,0.000000,0,0.000000,0.000000,0,0.000000,0.000000,0,0.000000,0.000000,0,0.000000,0.000000,0,0.000000,0.000000,0,0.000000,0.000000,0,0.000000,0.000000,0,0.000000,0.000000,0,0.000000,0.000000,0,0.000000,0.000000,0,0.000000,0.000000,0,0.000000,0.000000,0,0.000000,0.000000,0,0.000000,0.000000,0,0.000000,0.000000,0,0.000000,0.000000,0,0.000000,0.000000,0,0.000000,0.000000,0,0.000000,0.000000,0,0.000000,0.000000,0,0.000000,0.000000,0,0.000000,0.000000,0,0.000000,0.000000,0,0.000000,0.000000,0,0.000000,0.000000,0,0.000000,0.000000,0,0.000000,0.000000,0,0.000000,0.000000,0,0.000000,0.000000,0,0.000000,0.000000,0,0.000000,0.000000,0,0.000000,0.000000,0,0.000000,0.000000,0,0.000000,0.000000,0,0.000000,0.000000,0,0.000000,0.000000,0,0.000000,0.000000,0,0.000000,0.000000,0,0.000000,0.000000,0,0.000000,0.000000,0,0.000000,0.000000,0,0.000000,0.000000,0,0.000000,0.000000,0,0.000000,0.000000,0,0.000000,0.000000,0,0.000000,0.000000,0,0.000000,0.000000,0,0.000000,0.000000,0,0.000000,0.000000,0,0.000000,0.000000,0,0.000000,0.000000,0,0.000000,0.000000,0,0.000000,0.000000,0,0.000000,0.000000,0,0.000000,0.000000,0,0.000000,0.000000,0,0.000000,0.000000,0,0.000000,0.000000,0,0.000000,0.000000,0,0.000000,0.000000,0,0.000000,0.000000,0,0.000000,0.000000,0
1,0,0,0.476279,0.338934,1,0.500095,0.396028,1,0.420730,0.437417,1,0.373244,0.621572,1,0.404653,0.607108,1,0.587135,0.394872,1,0.627031,0.578707,1,0.563443,0.606369,1,0.531781,0.776353,1,0.476241,0.804255,1,0.476419,0.945269,1,0.000000,0.000000,0,0.586984,0.762203,1,0.595187,0.959704,1,0.000000,0.000000,0,0.468189,0.296553,1,0.491969,0.282875,1,0.452208,0.296857,1,0.531547,0.282334,1,0.000000,0.000000,0,0.000000,0.000000,0,0.000000,0.000000,0,0.000000,0.000000,0,0.000000,0.000000,0,0.000000,0.000000,0,0.000000,0.000000,0,0.000000,0.000000,0,0.000000,0.000000,0,0.000000,0.000000,0,0.000000,0.000000,0,0.000000,0.000000,0,0.000000,0.000000,0,0.000000,0.000000,0,0.000000,0.000000,0,0.000000,0.000000,0,0.000000,0.000000,0,0.000000,0.000000,0,0.000000,0.000000,0,0.000000,0.000000,0,0.000000,0.000000,0,0.000000,0.000000,0,0.000000,0.000000,0,0.000000,0.000000,0,0.000000,0.000000,0,0.000000,0.000000,0,0.000000,0.000000,0,0.000000,0.000000,0,0.000000,0.000000,0,0.000000,0.000000,0,0.000000,0.000000,0,0.000000,0.000000,0,0.000000,0.000000,0,0.000000,0.000000,0,0.000000,0.000000,0,0.000000,0.000000,0,0.000000,0.000000,0,0.000000,0.000000,0,0.000000,0.000000,0,0.000000,0.000000,0,0.000000,0.000000,0,0.000000,0.000000,0,0.000000,0.000000,0,0.000000,0.000000,0,0.000000,0.000000,0,0.000000,0.000000,0,0.000000,0.000000,0,0.000000,0.000000,0,0.000000,0.000000,0,0.000000,0.000000,0,0.000000,0.000000,0,0.000000,0.000000,0,0.000000,0.000000,0,0.000000,0.000000,0,0.000000,0.000000,0,0.000000,0.000000,0,0.000000,0.000000,0,0.000000,0.000000,0,0.000000,0.000000,0,0.000000,0.000000,0,0.000000,0.000000,0,0.000000,0.000000,0,0.000000,0.000000,0,0.000000,0.000000,0,0.000000,0.000000,0,0.000000,0.000000,0,0.000000,0.000000,0,0.000000,0.000000,0,0.000000,0.000000,0,0.000000,0.000000,0,0.000000,0.000000,0,0.000000,0.000000,0,0.000000,0.000000,0,0.000000,0.000000,0,0.000000,0.000000,0,0.000000,0.000000,0,0.000000,0.000000,0,0.000000,0.000000,0,0.000000,0.000000,0,0.000000,0.000000,0,0.000000,0.000000,0,0.000000,0.000000,0,0.000000,0.000000,0,0.000000,0.000000,0,0.000000,0.000000,0,0.000000,0.000000,0,0.000000,0.000000,0,0.000000,0.000000,0,0.000000,0.000000,0,0.000000,0.000000,0,0.000000,0.000000,0,0.000000,0.000000,0,0.000000,0.000000,0,0.000000,0.000000,0,0.000000,0.000000,0,0.000000,0.000000,0,0.000000,0.000000,0,0.000000,0.000000,0,0.000000,0.000000,0,0.000000,0.000000,0,0.000000,0.000000,0,0.000000,0.000000,0,0.000000,0.000000,0,0.000000,0.000000,0,0.000000,0.000000,0,0.000000,0.000000,0,0.000000,0.000000,0,0.000000,0.000000,0,0.000000,0.000000,0,0.000000,0.000000,0,0.000000,0.000000,0,0.000000,0.000000,0,0.000000,0.000000,0,0.000000,0.000000,0,0.000000,0.000000,0,0.000000,0.000000,0,0.000000,0.000000,0,0.000000,0.000000,0,0.000000,0.000000,0
2,0,0,0.467903,0.324974,1,0.484158,0.394869,1,0.412873,0.409283,1,0.396866,0.578689,1,0.365322,0.635053,1,0.563339,0.380770,1,0.619161,0.508896,1,0.555609,0.606618,1,0.531755,0.747607,1,0.476058,0.748332,1,0.460436,0.931296,1,0.000000,0.000000,0,0.587083,0.734084,1,0.595151,0.945732,1,0.000000,0.000000,0,0.436701,0.283345,1,0.475819,0.282723,1,0.420557,0.283051,1,0.507970,0.268565,1,0.000000,0.000000,0,0.000000,0.000000,0,0.000000,0.000000,0,0.000000,0.000000,0,0.000000,0.000000,0,0.000000,0.000000,0,0.000000,0.000000,0,0.000000,0.000000,0,0.000000,0.000000,0,0.000000,0.000000,0,0.000000,0.000000,0,0.000000,0.000000,0,0.000000,0.000000,0,0.000000,0.000000,0,0.000000,0.000000,0,0.000000,0.000000,0,0.000000,0.000000,0,0.000000,0.000000,0,0.000000,0.000000,0,0.000000,0.000000,0,0.000000,0.000000,0,0.000000,0.000000,0,0.000000,0.000000,0,0.000000,0.000000,0,0.000000,0.000000,0,0.000000,0.000000,0,0.000000,0.000000,0,0.000000,0.000000,0,0.000000,0.000000,0,0.000000,0.000000,0,0.000000,0.000000,0,0.000000,0.000000,0,0.000000,0.000000,0,0.000000,0.000000,0,0.000000,0.000000,0,0.000000,0.000000,0,0.000000,0.000000,0,0.000000,0.000000,0,0.000000,0.000000,0,0.000000,0.000000,0,0.000000,0.000000,0,0.000000,0.000000,0,0.000000,0.000000,0,0.000000,0.000000,0,0.000000,0.000000,0,0.000000,0.000000,0,0.000000,0.000000,0,0.000000,0.000000,0,0.000000,0.000000,0,0.000000,0.000000,0,0.000000,0.000000,0,0.000000,0.000000,0,0.000000,0.000000,0,0.000000,0.000000,0,0.000000,0.000000,0,0.000000,0.000000,0,0.000000,0.000000,0,0.000000,0.000000,0,0.000000,0.000000,0,0.000000,0.000000,0,0.000000,0.000000,0,0.000000,0.000000,0,0.000000,0.000000,0,0.000000,0.000000,0,0.000000,0.000000,0,0.000000,0.000000,0,0.000000,0.000000,0,0.000000,0.000000,0,0.000000,0.000000,0,0.000000,0.000000,0,0.000000,0.000000,0,0.000000,0.000000,0,0.000000,0.000000,0,0.000000,0.000000,0,0.000000,0.000000,0,0.000000,0.000000,0,0.000000,0.000000,0,0.000000,0.000000,0,0.000000,0.000000,0,0.000000,0.000000,0,0.000000,0.000000,0,0.000000,0.000000,0,0.000000,0.000000,0,0.000000,0.000000,0,0.000000,0.000000,0,0.000000,0.000000,0,0.000000,0.000000,0,0.000000,0.000000,0,0.000000,0.000000,0,0.000000,0.000000,0,0.000000,0.000000,0,0.000000,0.000000,0,0.000000,0.000000,0,0.000000,0.000000,0,0.000000,0.000000,0,0.000000,0.000000,0,0.000000,0.000000,0,0.000000,0.000000,0,0.000000,0.000000,0,0.000000,0.000000,0,0.000000,0.000000,0,0.000000,0.000000,0,0.000000,0.000000,0,0.000000,0.000000,0,0.000000,0.000000,0,0.000000,0.000000,0,0.000000,0.000000,0,0.000000,0.000000,0,0.000000,0.000000,0,0.000000,0.000000,0,0.000000,0.000000,0,0.000000,0.000000,0,0.000000,0.000000,0,0.000000,0.000000,0,0.000000,0.000000,0,0.000000,0.000000,0,0.000000,0.000000,0,0.000000,0.000000,0,0.000000,0.000000,0
3,0,0,0.467919,0.324914,1,0.484159,0.394869,1,0.412879,0.409291,1,0.396868,0.578654,1,0.365343,0.635006,1,0.563333,0.380756,1,0.619172,0.508893,1,0.555615,0.606612,1,0.531760,0.747615,1,0.476061,0.748347,1,0.460453,0.931222,1,0.000000,0.000000,0,0.587089,0.734089,1,0.595172,0.958981,1,0.000000,0.000000,0,0.436720,0.283324,1,0.475829,0.282675,1,0.420560,0.283076,1,0.507976,0.268527,1,0.000000,0.000000,0,0.000000,0.000000,0,0.000000,0.000000,0,0.000000,0.000000,0,0.000000,0.000000,0,0.000000,0.000000,0,0.000000,0.000000,0,0.000000,0.000000,0,0.000000,0.000000,0,0.000000,0.000000,0,0.000000,0.000000,0,0.000000,0.000000,0,0.000000,0.000000,0,0.000000,0.000000,0,0.000000,0.000000,0,0.000000,0.000000,0,0.000000,0.000000,0,0.000000,0.000000,0,0.000000,0.000000,0,0.000000,0.000000,0,0.000000,0.000000,0,0.000000,0.000000,0,0.000000,0.000000,0,0.000000,0.000000,0,0.000000,0.000000,0,0.000000,0.000000,0,0.000000,0.000000,0,0.000000,0.000000,0,0.000000,0.000000,0,0.000000,0.000000,0,0.000000,0.000000,0,0.000000,0.000000,0,0.000000,0.000000,0,0.000000,0.000000,0,0.000000,0.000000,0,0.000000,0.000000,0,0.000000,0.000000,0,0.000000,0.000000,0,0.000000,0.000000,0,0.000000,0.000000,0,0.000000,0.000000,0,0.000000,0.000000,0,0.000000,0.000000,0,0.000000,0.000000,0,0.000000,0.000000,0,0.000000,0.000000,0,0.000000,0.000000,0,0.000000,0.000000,0,0.000000,0.000000,0,0.000000,0.000000,0,0.000000,0.000000,0,0.000000,0.000000,0,0.000000,0.000000,0,0.000000,0.000000,0,0.000000,0.000000,0,0.000000,0.000000,0,0.000000,0.000000,0,0.000000,0.000000,0,0.000000,0.000000,0,0.000000,0.000000,0,0.000000,0.000000,0,0.000000,0.000000,0,0.000000,0.000000,0,0.000000,0.000000,0,0.000000,0.000000,0,0.000000,0.000000,0,0.000000,0.000000,0,0.000000,0.000000,0,0.000000,0.000000,0,0.000000,0.000000,0,0.000000,0.000000,0,0.000000,0.000000,0,0.000000,0.000000,0,0.000000,0.000000,0,0.000000,0.000000,0,0.000000,0.000000,0,0.000000,0.000000,0,0.000000,0.000000,0,0.000000,0.000000,0,0.000000,0.000000,0,0.000000,0.000000,0,0.000000,0.000000,0,0.000000,0.000000,0,0.000000,0.000000,0,0.000000,0.000000,0,0.000000,0.000000,0,0.000000,0.000000,0,0.000000,0.000000,0,0.000000,0.000000,0,0.000000,0.000000,0,0.000000,0.000000,0,0.000000,0.000000,0,0.000000,0.000000,0,0.000000,0.000000,0,0.000000,0.000000,0,0.000000,0.000000,0,0.000000,0.000000,0,0.000000,0.000000,0,0.000000,0.000000,0,0.000000,0.000000,0,0.000000,0.000000,0,0.000000,0.000000,0,0.000000,0.000000,0,0.000000,0.000000,0,0.000000,0.000000,0,0.000000,0.000000,0,0.000000,0.000000,0,0.000000,0.000000,0,0.000000,0.000000,0,0.000000,0.000000,0,0.000000,0.000000,0,0.000000,0.000000,0,0.000000,0.000000,0,0.000000,0.000000,0,0.000000,0.000000,0,0.000000,0.000000,0,0.000000,0.000000,0,0.000000,0.000000,0,0.000000,0.000000,0
4,0,0,0.444449,0.297165,1,0.476203,0.381611,1,0.412432,0.409193,1,0.396606,0.606241,1,0.349089,0.663433,1,0.539786,0.366661,1,0.611005,0.508031,1,0.539995,0.606373,1,0.531964,0.734362,1,0.476337,0.748230,1,0.460429,0.931037,1,0.000000,0.000000,0,0.587297,0.733863,1,0.595297,0.945518,1,0.000000,0.000000,0,0.413192,0.282709,1,0.460439,0.281930,1,0.405177,0.282610,1,0.484074,0.267688,1,0.000000,0.000000,0,0.000000,0.000000,0,0.000000,0.000000,0,0.000000,0.000000,0,0.000000,0.000000,0,0.000000,0.000000,0,0.000000,0.000000,0,0.000000,0.000000,0,0.000000,0.000000,0,0.000000,0.000000,0,0.000000,0.000000,0,0.000000,0.000000,0,0.000000,0.000000,0,0.000000,0.000000,0,0.000000,0.000000,0,0.000000,0.000000,0,0.000000,0.000000,0,0.000000,0.000000,0,0.000000,0.000000,0,0.000000,0.000000,0,0.000000,0.000000,0,0.000000,0.000000,0,0.000000,0.000000,0,0.000000,0.000000,0,0.000000,0.000000,0,0.000000,0.000000,0,0.000000,0.000000,0,0.000000,0.000000,0,0.000000,0.000000,0,0.000000,0.000000,0,0.000000,0.000000,0,0.000000,0.000000,0,0.000000,0.000000,0,0.000000,0.000000,0,0.000000,0.000000,0,0.000000,0.000000,0,0.000000,0.000000,0,0.000000,0.000000,0,0.000000,0.000000,0,0.000000,0.000000,0,0.000000,0.000000,0,0.000000,0.000000,0,0.000000,0.000000,0,0.000000,0.000000,0,0.000000,0.000000,0,0.000000,0.000000,0,0.000000,0.000000,0,0.000000,0.000000,0,0.000000,0.000000,0,0.000000,0.000000,0,0.000000,0.000000,0,0.000000,0.000000,0,0.000000,0.000000,0,0.000000,0.000000,0,0.000000,0.000000,0,0.000000,0.000000,0,0.000000,0.000000,0,0.000000,0.000000,0,0.000000,0.000000,0,0.000000,0.000000,0,0.000000,0.000000,0,0.000000,0.000000,0,0.000000,0.000000,0,0.000000,0.000000,0,0.000000,0.000000,0,0.000000,0.000000,0,0.000000,0.000000,0,0.000000,0.000000,0,0.000000,0.000000,0,0.000000,0.000000,0,0.000000,0.000000,0,0.000000,0.000000,0,0.000000,0.000000,0,0.000000,0.000000,0,0.000000,0.000000,0,0.000000,0.000000,0,0.000000,0.000000,0,0.000000,0.000000,0,0.000000,0.000000,0,0.000000,0.000000,0,0.000000,0.000000,0,0.000000,0.000000,0,0.000000,0.000000,0,0.000000,0.000000,0,0.000000,0.000000,0,0.000000,0.000000,0,0.000000,0.000000,0,0.000000,0.000000,0,0.000000,0.000000,0,0.000000,0.000000,0,0.000000,0.000000,0,0.000000,0.000000,0,0.000000,0.000000,0,0.000000,0.000000,0,0.000000,0.000000,0,0.000000,0.000000,0,0.000000,0.000000,0,0.000000,0.000000,0,0.000000,0.000000,0,0.000000,0.000000,0,0.000000,0.000000,0,0.000000,0.000000,0,0.000000,0.000000,0,0.000000,0.000000,0,0.000000,0.000000,0,0.000000,0.000000,0,0.000000,0.000000,0,0.000000,0.000000,0,0.000000,0.000000,0,0.000000,0.000000,0,0.000000,0.000000,0,0.000000,0.000000,0,0.000000,0.000000,0,0.000000,0.000000,0,0.000000,0.000000,0,0.000000,0.000000,0,0.000000,0.000000,0,0.000000,0.000000,0,0.000000,0.000000,0
5,0,0,0.444432,0.297168,1,0.476210,0.381608,1,0.412447,0.409181,1,0.396610,0.606219,1,0.349077,0.663437,1,0.539792,0.366668,1,0.610995,0.508007,1,0.540005,0.606375,1,0.531969,0.734364,1,0.476350,0.748231,1,0.460437,0.931065,1,0.000000,0.000000,0,0.587302,0.733864,1,0.595292,0.945509,1,0.000000,0.000000,0,0.413183,0.282709,1,0.460423,0.281933,1,0.405156,0.282612,1,0.484069,0.267692,1,0.000000,0.000000,0,0.000000,0.000000,0,0.000000,0.000000,0,0.000000,0.000000,0,0.000000,0.000000,0,0.000000,0.000000,0,0.000000,0.000000,0,0.000000,0.000000,0,0.000000,0.000000,0,0.000000,0.000000,0,0.000000,0.000000,0,0.000000,0.000000,0,0.000000,0.000000,0,0.000000,0.000000,0,0.000000,0.000000,0,0.000000,0.000000,0,0.000000,0.000000,0,0.000000,0.000000,0,0.000000,0.000000,0,0.000000,0.000000,0,0.000000,0.000000,0,0.000000,0.000000,0,0.000000,0.000000,0,0.000000,0.000000,0,0.000000,0.000000,0,0.000000,0.000000,0,0.000000,0.000000,0,0.000000,0.000000,0,0.000000,0.000000,0,0.000000,0.000000,0,0.000000,0.000000,0,0.000000,0.000000,0,0.000000,0.000000,0,0.000000,0.000000,0,0.000000,0.000000,0,0.000000,0.000000,0,0.000000,0.000000,0,0.000000,0.000000,0,0.000000,0.000000,0,0.000000,0.000000,0,0.000000,0.000000,0,0.000000,0.000000,0,0.000000,0.000000,0,0.000000,0.000000,0,0.000000,0.000000,0,0.000000,0.000000,0,0.000000,0.000000,0,0.000000,0.000000,0,0.000000,0.000000,0,0.000000,0.000000,0,0.000000,0.000000,0,0.000000,0.000000,0,0.000000,0.000000,0,0.000000,0.000000,0,0.000000,0.000000,0,0.000000,0.000000,0,0.000000,0.000000,0,0.000000,0.000000,0,0.000000,0.000000,0,0.000000,0.000000,0,0.000000,0.000000,0,0.000000,0.000000,0,0.000000,0.000000,0,0.000000,0.000000,0,0.000000,0.000000,0,0.000000,0.000000,0,0.000000,0.000000,0,0.000000,0.000000,0,0.000000,0.000000,0,0.000000,0.000000,0,0.000000,0.000000,0,0.000000,0.000000,0,0.000000,0.000000,0,0.000000,0.000000,0,0.000000,0.000000,0,0.000000,0.000000,0,0.000000,0.000000,0,0.000000,0.000000,0,0.000000,0.000000,0,0.000000,0.000000,0,0.000000,0.000000,0,0.000000,0.000000,0,0.000000,0.000000,0,0.000000,0.000000,0,0.000000,0.000000,0,0.000000,0.000000,0,0.000000,0.000000,0,0.000000,0.000000,0,0.000000,0.000000,0,0.000000,0.000000,0,0.000000,0.000000,0,0.000000,0.000000,0,0.000000,0.000000,0,0.000000,0.000000,0,0.000000,0.000000,0,0.000000,0.000000,0,0.000000,0.000000,0,0.000000,0.000000,0,0.000000,0.000000,0,0.000000,0.000000,0,0.000000,0.000000,0,0.000000,0.000000,0,0.000000,0.000000,0,0.000000,0.000000,0,0.000000,0.000000,0,0.000000,0.000000,0,0.000000,0.000000,0,0.000000,0.000000,0,0.000000,0.000000,0,0.000000,0.000000,0,0.000000,0.000000,0,0.000000,0.000000,0,0.000000,0.000000,0,0.000000,0.000000,0,0.000000,0.000000,0,0.000000,0.000000,0,0.000000,0.000000,0,0.000000,0.000000,0,0.000000,0.000000,0
6,0,0,0.420787,0.338610,1,0.468571,0.394897,1,0.405099,0.409892,1,0.380915,0.607481,1,0.294026,0.747618,1,0.531823,0.367162,1,0.602911,0.508498,1,0.531807,0.606981,1,0.539271,0.734481,1,0.476661,0.748269,1,0.468281,0.931167,1,0.000000,0.000000,0,0.587354,0.734057,1,0.594969,0.945083,1,0.000000,0.000000,0,0.412430,0.296731,1,0.436643,0.282768,1,0.404497,0.296827,1,0.475869,0.268663,1,0.000000,0.000000,0,0.000000,0.000000,0,0.000000,0.000000,0,0.000000,0.000000,0,0.000000,0.000000,0,0.000000,0.000000,0,0.000000,0.000000,0,0.000000,0.000000,0,0.000000,0.000000,0,0.000000,0.000000,0,0.000000,0.000000,0,0.000000,0.000000,0,0.000000,0.000000,0,0.000000,0.000000,0,0.000000,0.000000,0,0.000000,0.000000,0,0.000000,0.000000,0,0.000000,0.000000,0,0.000000,0.000000,0,0.000000,0.000000,0,0.000000,0.000000,0,0.000000,0.000000,0,0.000000,0.000000,0,0.000000,0.000000,0,0.000000,0.000000,0,0.000000,0.000000,0,0.000000,0.000000,0,0.000000,0.000000,0,0.000000,0.000000,0,0.000000,0.000000,0,0.000000,0.000000,0,0.000000,0.000000,0,0.000000,0.000000,0,0.000000,0.000000,0,0.000000,0.000000,0,0.000000,0.000000,0,0.000000,0.000000,0,0.000000,0.000000,0,0.000000,0.000000,0,0.000000,0.000000,0,0.000000,0.000000,0,0.000000,0.000000,0,0.000000,0.000000,0,0.000000,0.000000,0,0.000000,0.000000,0,0.000000,0.000000,0,0.000000,0.000000,0,0.000000,0.000000,0,0.000000,0.000000,0,0.000000,0.000000,0,0.000000,0.000000,0,0.000000,0.000000,0,0.000000,0.000000,0,0.000000,0.000000,0,0.000000,0.000000,0,0.000000,0.000000,0,0.000000,0.000000,0,0.000000,0.000000,0,0.000000,0.000000,0,0.000000,0.000000,0,0.000000,0.000000,0,0.000000,0.000000,0,0.000000,0.000000,0,0.000000,0.000000,0,0.000000,0.000000,0,0.000000,0.000000,0,0.000000,0.000000,0,0.000000,0.000000,0,0.000000,0.000000,0,0.000000,0.000000,0,0.000000,0.000000,0,0.000000,0.000000,0,0.000000,0.000000,0,0.000000,0.000000,0,0.000000,0.000000,0,0.000000,0.000000,0,0.000000,0.000000,0,0.000000,0.000000,0,0.000000,0.000000,0,0.000000,0.000000,0,0.000000,0.000000,0,0.000000,0.000000,0,0.000000,0.000000,0,0.000000,0.000000,0,0.000000,0.000000,0,0.000000,0.000000,0,0.000000,0.000000,0,0.000000,0.000000,0,0.000000,0.000000,0,0.000000,0.000000,0,0.000000,0.000000,0,0.000000,0.000000,0,0.000000,0.000000,0,0.000000,0.000000,0,0.000000,0.000000,0,0.000000,0.000000,0,0.000000,0.000000,0,0.000000,0.000000,0,0.000000,0.000000,0,0.000000,0.000000,0,0.000000,0.000000,0,0.000000,0.000000,0,0.000000,0.000000,0,0.000000,0.000000,0,0.000000,0.000000,0,0.000000,0.000000,0,0.000000,0.000000,0,0.000000,0.000000,0,0.000000,0.000000,0,0.000000,0.000000,0,0.000000,0.000000,0,0.000000,0.000000,0,0.000000,0.000000,0,0.000000,0.000000,0,0.000000,0.000000,0,0.000000,0.000000,0,0.000000,0.000000,0,0.000000,0.000000,0,0.000000,0.000000,0
7,0,0,0.420776,0.325106,1,0.468571,0.394906,1,0.405102,0.409897,1,0.380909,0.607472,1,0.294027,0.747606,1,0.531818,0.367175,1,0.602901,0.508501,1,0.531812,0.606968,1,0.539276,0.734477,1,0.476672,0.748265,1,0.468276,0.931167,1,0.000000,0.000000,0,0.587359,0.734053,1,0.594963,0.945065,1,0.000000,0.000000,0,0.412432,0.296727,1,0.436641,0.282771,1,0.404498,0.296825,1,0.475869,0.268673,1,0.000000,0.000000,0,0.000000,0.000000,0,0.000000,0.000000,0,0.000000,0.000000,0,0.000000,0.000000,0,0.000000,0.000000,0,0.000000,0.000000,0,0.000000,0.000000,0,0.000000,0.000000,0,0.000000,0.000000,0,0.000000,0.000000,0,0.000000,0.000000,0,0.000000,0.000000,0,0.000000,0.000000,0,0.000000,0.000000,0,0.000000,0.000000,0,0.000000,0.000000,0,0.000000,0.000000,0,0.000000,0.000000,0,0.000000,0.000000,0,0.000000,0.000000,0,0.000000,0.000000,0,0.000000,0.000000,0,0.000000,0.000000,0,0.000000,0.000000,0,0.000000,0.000000,0,0.000000,0.000000,0,0.000000,0.000000,0,0.000000,0.000000,0,0.000000,0.000000,0,0.000000,0.000000,0,0.000000,0.000000,0,0.000000,0.000000,0,0.000000,0.000000,0,0.000000,0.000000,0,0.000000,0.000000,0,0.000000,0.000000,0,0.000000,0.000000,0,0.000000,0.000000,0,0.000000,0.000000,0,0.000000,0.000000,0,0.000000,0.000000,0,0.000000,0.000000,0,0.000000,0.000000,0,0.000000,0.000000,0,0.000000,0.000000,0,0.000000,0.000000,0,0.000000,0.000000,0,0.000000,0.000000,0,0.000000,0.000000,0,0.000000,0.000000,0,0.000000,0.000000,0,0.000000,0.000000,0,0.000000,0.000000,0,0.000000,0.000000,0,0.000000,0.000000,0,0.000000,0.000000,0,0.000000,0.000000,0,0.000000,0.000000,0,0.000000,0.000000,0,0.000000,0.000000,0,0.000000,0.000000,0,0.000000,0.000000,0,0.000000,0.000000,0,0.000000,0.000000,0,0.000000,0.000000,0,0.000000,0.000000,0,0.000000,0.000000,0,0.000000,0.000000,0,0.000000,0.000000,0,0.000000,0.000000,0,0.000000,0.000000,0,0.000000,0.000000,0,0.000000,0.000000,0,0.000000,0.000000,0,0.000000,0.000000,0,0.000000,0.000000,0,0.000000,0.000000,0,0.000000,0.000000,0,0.000000,0.000000,0,0.000000,0.000000,0,0.000000,0.000000,0,0.000000,0.000000,0,0.000000,0.000000,0,0.000000,0.000000,0,0.000000,0.000000,0,0.000000,0.000000,0,0.000000,0.000000,0,0.000000,0.000000,0,0.000000,0.000000,0,0.000000,0.000000,0,0.000000,0.000000,0,0.000000,0.000000,0,0.000000,0.000000,0,0.000000,0.000000,0,0.000000,0.000000,0,0.000000,0.000000,0,0.000000,0.000000,0,0.000000,0.000000,0,0.000000,0.000000,0,0.000000,0.000000,0,0.000000,0.000000,0,0.000000,0.000000,0,0.000000,0.000000,0,0.000000,0.000000,0,0.000000,0.000000,0,0.000000,0.000000,0,0.000000,0.000000,0,0.000000,0.000000,0,0.000000,0.000000,0,0.000000,0.000000,0,0.000000,0.000000,0,0.000000,0.000000,0,0.000000,0.000000,0,0.000000,0.000000,0,0.000000,0.000000,0,0.000000,0.000000,0,0.000000,0.000000,0,0.000000,0.000000,0
8,0,0,0.413099,0.380598,1,0.476089,0.395949,1,0.412945,0.423438,1,0.404721,0.620330,1,0.333129,0.747792,1,0.539302,0.395010,1,0.595229,0.606192,1,0.492020,0.621570,1,0.539599,0.776179,1,0.491927,0.789952,1,0.468281,0.945491,1,0.000000,0.000000,0,0.594813,0.776318,1,0.594776,0.959194,1,0.000000,0.000000,0,0.405045,0.352631,1,0.428692,0.324916,1,0.404598,0.310488,1,0.468651,0.282835,1,0.000000,0.000000,0,0.000000,0.000000,0,0.000000,0.000000,0,0.000000,0.000000,0,0.000000,0.000000,0,0.000000,0.000000,0,0.000000,0.000000,0,0.000000,0.000000,0,0.000000,0.000000,0,0.000000,0.000000,0,0.000000,0.000000,0,0.000000,0.000000,0,0.000000,0.000000,0,0.000000,0.000000,0,0.000000,0.000000,0,0.000000,0.000000,0,0.000000,0.000000,0,0.000000,0.000000,0,0.000000,0.000000,0,0.000000,0.000000,0,0.000000,0.000000,0,0.000000,0.000000,0,0.000000,0.000000,0,0.000000,0.000000,0,0.000000,0.000000,0,0.000000,0.000000,0,0.000000,0.000000,0,0.000000,0.000000,0,0.000000,0.000000,0,0.000000,0.000000,0,0.000000,0.000000,0,0.000000,0.000000,0,0.000000,0.000000,0,0.000000,0.000000,0,0.000000,0.000000,0,0.000000,0.000000,0,0.000000,0.000000,0,0.000000,0.000000,0,0.000000,0.000000,0,0.000000,0.000000,0,0.000000,0.000000,0,0.000000,0.000000,0,0.000000,0.000000,0,0.000000,0.000000,0,0.000000,0.000000,0,0.000000,0.000000,0,0.000000,0.000000,0,0.000000,0.000000,0,0.000000,0.000000,0,0.000000,0.000000,0,0.000000,0.000000,0,0.000000,0.000000,0,0.000000,0.000000,0,0.000000,0.000000,0,0.000000,0.000000,0,0.000000,0.000000,0,0.000000,0.000000,0,0.000000,0.000000,0,0.000000,0.000000,0,0.000000,0.000000,0,0.000000,0.000000,0,0.000000,0.000000,0,0.000000,0.000000,0,0.000000,0.000000,0,0.000000,0.000000,0,0.000000,0.000000,0,0.000000,0.000000,0,0.000000,0.000000,0,0.000000,0.000000,0,0.000000,0.000000,0,0.000000,0.000000,0,0.000000,0.000000,0,0.000000,0.000000,0,0.000000,0.000000,0,0.000000,0.000000,0,0.000000,0.000000,0,0.000000,0.000000,0,0.000000,0.000000,0,0.000000,0.000000,0,0.000000,0.000000,0,0.000000,0.000000,0,0.000000,0.000000,0,0.000000,0.000000,0,0.000000,0.000000,0,0.000000,0.000000,0,0.000000,0.000000,0,0.000000,0.000000,0,0.000000,0.000000,0,0.000000,0.000000,0,0.000000,0.000000,0,0.000000,0.000000,0,0.000000,0.000000,0,0.000000,0.000000,0,0.000000,0.000000,0,0.000000,0.000000,0,0.000000,0.000000,0,0.000000,0.000000,0,0.000000,0.000000,0,0.000000,0.000000,0,0.000000,0.000000,0,0.000000,0.000000,0,0.000000,0.000000,0,0.000000,0.000000,0,0.000000,0.000000,0,0.000000,0.000000,0,0.000000,0.000000,0,0.000000,0.000000,0,0.000000,0.000000,0,0.000000,0.000000,0,0.000000,0.000000,0,0.000000,0.000000,0,0.000000,0.000000,0,0.000000,0.000000,0,0.000000,0.000000,0,0.000000,0.000000,0,0.000000,0.000000,0,0.000000,0.000000,0,0.000000,0.000000,0,0.000000,0.000000,0
9,0,0,0.413104,0.380604,1,0.476093,0.395946,1,0.412943,0.423431,1,0.404724,0.620324,1,0.333134,0.747787,1,0.539312,0.395020,1,0.595229,0.606192,1,0.492045,0.621588,1,0.539594,0.776187,1,0.484476,0.789947,1,0.468251,0.945491,1,0.000000,0.000000,0,0.594813,0.776329,1,0.594771,0.959204,1,0.000000,0.000000,0,0.405046,0.352635,1,0.428697,0.324916,1,0.404594,0.310481,1,0.468649,0.282831,1,0.000000,0.000000,0,0.000000,0.000000,0,0.000000,0.000000,0,0.000000,0.000000,0,0.000000,0.000000,0,0.000000,0.000000,0,0.000000,0.000000,0,0.000000,0.000000,0,0.000000,0.000000,0,0.000000,0.000000,0,0.000000,0.000000,0,0.000000,0.000000,0,0.000000,0.000000,0,0.000000,0.000000,0,0.000000,0.000000,0,0.000000,0.000000,0,0.000000,0.000000,0,0.000000,0.000000,0,0.000000,0.000000,0,0.000000,0.000000,0,0.000000,0.000000,0,0.000000,0.000000,0,0.000000,0.000000,0,0.000000,0.000000,0,0.000000,0.000000,0,0.000000,0.000000,0,0.000000,0.000000,0,0.000000,0.000000,0,0.000000,0.000000,0,0.000000,0.000000,0,0.000000,0.000000,0,0.000000,0.000000,0,0.000000,0.000000,0,0.000000,0.000000,0,0.000000,0.000000,0,0.000000,0.000000,0,0.000000,0.000000,0,0.000000,0.000000,0,0.000000,0.000000,0,0.000000,0.000000,0,0.000000,0.000000,0,0.000000,0.000000,0,0.000000,0.000000,0,0.000000,0.000000,0,0.000000,0.000000,0,0.000000,0.000000,0,0.000000,0.000000,0,0.000000,0.000000,0,0.000000,0.000000,0,0.000000,0.000000,0,0.000000,0.000000,0,0.000000,0.000000,0,0.000000,0.000000,0,0.000000,0.000000,0,0.000000,0.000000,0,0.000000,0.000000,0,0.000000,0.000000,0,0.000000,0.000000,0,0.000000,0.000000,0,0.000000,0.000000,0,0.000000,0.000000,0,0.000000,0.000000,0,0.000000,0.000000,0,0.000000,0.000000,0,0.000000,0.000000,0,0.000000,0.000000,0,0.000000,0.000000,0,0.000000,0.000000,0,0.000000,0.000000,0,0.000000,0.000000,0,0.000000,0.000000,0,0.000000,0.000000,0,0.000000,0.000000,0,0.000000,0.000000,0,0.000000,0.000000,0,0.000000,0.000000,0,0.000000,0.000000,0,0.000000,0.000000,0,0.000000,0.000000,0,0.000000,0.000000,0,0.000000,0.000000,0,0.000000,0.000000,0,0.000000,0.000000,0,0.000000,0.000000,0,0.000000,0.000000,0,0.000000,0.000000,0,0.000000,0.000000,0,0.000000,0.000000,0,0.000000,0.000000,0,0.000000,0.000000,0,0.000000,0.000000,0,0.000000,0.000000,0,0.000000,0.000000,0,0.000000,0.000000,0,0.000000,0.000000,0,0.000000,0.000000,0,0.000000,0.000000,0,0.000000,0.000000,0,0.000000,0.000000,0,0.000000,0.000000,0,0.000000,0.000000,0,0.000000,0.000000,0,0.000000,0.000000,0,0.000000,0.000000,0,0.000000,0.000000,0,0.000000,0.000000,0,0.000000,0.000000,0,0.000000,0.000000,0,0.000000,0.000000,0,0.000000,0.000000,0,0.000000,0.000000,0,0.000000,0.000000,0,0.000000,0.000000,0,0.000000,0.000000,0,0.000000,0.000000,0,0.000000,0.000000,0,0.000000,0.000000,0,0.000000,0.000000,0,0.000000,0.000000,0
10,0,0,0.412660,0.395668,1,0.476458,0.451589,1,0.428706,0.465612,1,0.412814,0.607370,1,0.341717,0.734205,1,0.539516,0.423781,1,0.595016,0.635318,1,0.484102,0.705036,1,0.547547,0.818067,1,0.515956,0.817831,1,0.412797,0.832120,1,0.000000,0.000000,0,0.595214,0.818437,1,0.555516,0.931398,1,0.000000,0.000000,0,0.404756,0.381350,1,0.420585,0.381016,1,0.000000,0.000000,0,0.468406,0.324727,1,0.000000,0.000000,0,0.000000,0.000000,0,0.000000,0.000000,0,0.000000,0.000000,0,0.000000,0.000000,0,0.000000,0.000000,0,0.000000,0.000000,0,0.000000,0.000000,0,0.000000,0.000000,0,0.000000,0.000000,0,0.000000,0.000000,0,0.000000,0.000000,0,0.000000,0.000000,0,0.000000,0.000000,0,0.000000,0.000000,0,0.000000,0.000000,0,0.000000,0.000000,0,0.000000,0.000000,0,0.000000,0.000000,0,0.000000,0.000000,0,0.000000,0.000000,0,0.000000,0.000000,0,0.000000,0.000000,0,0.000000,0.000000,0,0.000000,0.000000,0,0.000000,0.000000,0,0.000000,0.000000,0,0.000000,0.000000,0,0.000000,0.000000,0,0.000000,0.000000,0,0.000000,0.000000,0,0.000000,0.000000,0,0.000000,0.000000,0,0.000000,0.000000,0,0.000000,0.000000,0,0.000000,0.000000,0,0.000000,0.000000,0,0.000000,0.000000,0,0.000000,0.000000,0,0.000000,0.000000,0,0.000000,0.000000,0,0.000000,0.000000,0,0.000000,0.000000,0,0.000000,0.000000,0,0.000000,0.000000,0,0.000000,0.000000,0,0.000000,0.000000,0,0.000000,0.000000,0,0.000000,0.000000,0,0.000000,0.000000,0,0.000000,0.000000,0,0.000000,0.000000,0,0.000000,0.000000,0,0.000000,0.000000,0,0.000000,0.000000,0,0.000000,0.000000,0,0.000000,0.000000,0,0.000000,0.000000,0,0.000000,0.000000,0,0.000000,0.000000,0,0.000000,0.000000,0,0.000000,0.000000,0,0.000000,0.000000,0,0.000000,0.000000,0,0.000000,0.000000,0,0.000000,0.000000,0,0.000000,0.000000,0,0.000000,0.000000,0,0.000000,0.000000,0,0.000000,0.000000,0,0.000000,0.000000,0,0.000000,0.000000,0,0.000000,0.000000,0,0.000000,0.000000,0,0.000000,0.000000,0,0.000000,0.000000,0,0.000000,0.000000,0,0.000000,0.000000,0,0.000000,0.000000,0,0.000000,0.000000,0,0.000000,0.000000,0,0.000000,0.000000,0,0.000000,0.000000,0,0.000000,0.000000,0,0.000000,0.000000,0,0.000000,0.000000,0,0.000000,0.000000,0,0.000000,0.000000,0,0.000000,0.000000,0,0.000000,0.000000,0,0.000000,0.000000,0,0.000000,0.000000,0,0.000000,0.000000,0,0.000000,0.000000,0,0.000000,0.000000,0,0.000000,0.000000,0,0.000000,0.000000,0,0.000000,0.000000,0,0.000000,0.000000,0,0.000000,0.000000,0,0.000000,0.000000,0,0.000000,0.000000,0,0.000000,0.000000,0,0.000000,0.000000,0,0.000000,0.000000,0,0.000000,0.000000,0,0.000000,0.000000,0,0.000000,0.000000,0,0.000000,0.000000,0,0.000000,0.000000,0,0.000000,0.000000,0,0.000000,0.000000,0,0.000000,0.000000,0,0.000000,0.000000,0,0.000000,0.000000,0,0.000000,0.000000,0,0.000000,0.000000,0,0.000000,0.000000,0,0.000000,0.000000,0
11,0,0,0.412649,0.395657,1,0.476457,0.451589,1,0.428698,0.465587,1,0.412810,0.607382,1,0.341705,0.734206,1,0.539516,0.423807,1,0.595010,0.635332,1,0.484095,0.705013,1,0.547536,0.818073,1,0.515933,0.817834,1,0.412748,0.832019,1,0.000000,0.000000,0,0.595208,0.818447,1,0.555500,0.931370,1,0.000000,0.000000,0,0.404748,0.381333,1,0.420573,0.381009,1,0.000000,0.000000,0,0.468405,0.324722,1,0.000000,0.000000,0,0.000000,0.000000,0,0.000000,0.000000,0,0.000000,0.000000,0,0.000000,0.000000,0,0.000000,0.000000,0,0.000000,0.000000,0,0.000000,0.000000,0,0.000000,0.000000,0,0.000000,0.000000,0,0.000000,0.000000,0,0.000000,0.000000,0,0.000000,0.000000,0,0.000000,0.000000,0,0.000000,0.000000,0,0.000000,0.000000,0,0.000000,0.000000,0,0.000000,0.000000,0,0.000000,0.000000,0,0.000000,0.000000,0,0.000000,0.000000,0,0.000000,0.000000,0,0.000000,0.000000,0,0.000000,0.000000,0,0.000000,0.000000,0,0.000000,0.000000,0,0.000000,0.000000,0,0.000000,0.000000,0,0.000000,0.000000,0,0.000000,0.000000,0,0.000000,0.000000,0,0.000000,0.000000,0,0.000000,0.000000,0,0.000000,0.000000,0,0.000000,0.000000,0,0.000000,0.000000,0,0.000000,0.000000,0,0.000000,0.000000,0,0.000000,0.000000,0,0.000000,0.000000,0,0.000000,0.000000,0,0.000000,0.000000,0,0.000000,0.000000,0,0.000000,0.000000,0,0.000000,0.000000,0,0.000000,0.000000,0,0.000000,0.000000,0,0.000000,0.000000,0,0.000000,0.000000,0,0.000000,0.000000,0,0.000000,0.000000,0,0.000000,0.000000,0,0.000000,0.000000,0,0.000000,0.000000,0,0.000000,0.000000,0,0.000000,0.000000,0,0.000000,0.000000,0,0.000000,0.000000,0,0.000000,0.000000,0,0.000000,0.000000,0,0.000000,0.000000,0,0.000000,0.000000,0,0.000000,0.000000,0,0.000000,0.000000,0,0.000000,0.000000,0,0.000000,0.000000,0,0.000000,0.000000,0,0.000000,0.000000,0,0.000000,0.000000,0,0.000000,0.000000,0,0.000000,0.000000,0,0.000000,0.000000,0,0.000000,0.000000,0,0.000000,0.000000,0,0.000000,0.000000,0,0.000000,0.000000,0,0.000000,0.000000,0,0.000000,0.000000,0,0.000000,0.000000,0,0.000000,0.000000,0,0.000000,0.000000,0,0.000000,0.000000,0,0.000000,0.000000,0,0.000000,0.000000,0,0.000000,0.000000,0,0.000000,0.000000,0,0.000000,0.000000,0,0.000000,0.000000,0,0.000000,0.000000,0,0.000000,0.000000,0,0.000000,0.000000,0,0.000000,0.000000,0,0.000000,0.000000,0,0.000000,0.000000,0,0.000000,0.000000,0,0.000000,0.000000,0,0.000000,0.000000,0,0.000000,0.000000,0,0.000000,0.000000,0,0.000000,0.000000,0,0.000000,0.000000,0,0.000000,0.000000,0,0.000000,0.000000,0,0.000000,0.000000,0,0.000000,0.000000,0,0.000000,0.000000,0,0.000000,0.000000,0,0.000000,0.000000,0,0.000000,0.000000,0,0.000000,0.000000,0,0.000000,0.000000,0,0.000000,0.000000,0,0.000000,0.000000,0,0.000000,0.000000,0,0.000000,0.000000,0,0.000000,0.000000,0,0.000000,0.000000,0,0.000000,0.000000,0,0.000000,0.000000,0
12,0,0,0.420843,0.465477,1,0.484469,0.480147,1,0.452446,0.493919,1,0.420780,0.621056,1,0.349180,0.733720,1,0.539932,0.465824,1,0.602828,0.677419,1,0.508000,0.719526,1,0.555464,0.833094,1,0.523901,0.832826,1,0.000000,0.000000,0,0.000000,0.000000,0,0.595505,0.846213,1,0.547615,0.944870,1,0.000000,0.000000,0,0.412894,0.409605,1,0.436466,0.409131,1,0.000000,0.000000,0,0.476112,0.380774,1,0.000000,0.000000,0,0.000000,0.000000,0,0.000000,0.000000,0,0.000000,0.000000,0,0.000000,0.000000,0,0.000000,0.000000,0,0.000000,0.000000,0,0.000000,0.000000,0,0.000000,0.000000,0,0.000000,0.000000,0,0.000000,0.000000,0,0.000000,0.000000,0,0.000000,0.000000,0,0.000000,0.000000,0,0.000000,0.000000,0,0.000000,0.000000,0,0.000000,0.000000,0,0.000000,0.000000,0,0.000000,0.000000,0,0.000000,0.000000,0,0.000000,0.000000,0,0.000000,0.000000,0,0.000000,0.000000,0,0.000000,0.000000,0,0.000000,0.000000,0,0.000000,0.000000,0,0.000000,0.000000,0,0.000000,0.000000,0,0.000000,0.000000,0,0.000000,0.000000,0,0.000000,0.000000,0,0.000000,0.000000,0,0.000000,0.000000,0,0.000000,0.000000,0,0.000000,0.000000,0,0.000000,0.000000,0,0.000000,0.000000,0,0.000000,0.000000,0,0.000000,0.000000,0,0.000000,0.000000,0,0.000000,0.000000,0,0.000000,0.000000,0,0.000000,0.000000,0,0.000000,0.000000,0,0.000000,0.000000,0,0.000000,0.000000,0,0.000000,0.000000,0,0.000000,0.000000,0,0.000000,0.000000,0,0.000000,0.000000,0,0.000000,0.000000,0,0.000000,0.000000,0,0.000000,0.000000,0,0.000000,0.000000,0,0.000000,0.000000,0,0.000000,0.000000,0,0.000000,0.000000,0,0.000000,0.000000,0,0.000000,0.000000,0,0.000000,0.000000,0,0.000000,0.000000,0,0.000000,0.000000,0,0.000000,0.000000,0,0.000000,0.000000,0,0.000000,0.000000,0,0.000000,0.000000,0,0.000000,0.000000,0,0.000000,0.000000,0,0.000000,0.000000,0,0.000000,0.000000,0,0.000000,0.000000,0,0.000000,0.000000,0,0.000000,0.000000,0,0.000000,0.000000,0,0.000000,0.000000,0,0.000000,0.000000,0,0.000000,0.000000,0,0.000000,0.000000,0,0.000000,0.000000,0,0.000000,0.000000,0,0.000000,0.000000,0,0.000000,0.000000,0,0.000000,0.000000,0,0.000000,0.000000,0,0.000000,0.000000,0,0.000000,0.000000,0,0.000000,0.000000,0,0.000000,0.000000,0,0.000000,0.000000,0,0.000000,0.000000,0,0.000000,0.000000,0,0.000000,0.000000,0,0.000000,0.000000,0,0.000000,0.000000,0,0.000000,0.000000,0,0.000000,0.000000,0,0.000000,0.000000,0,0.000000,0.000000,0,0.000000,0.000000,0,0.000000,0.000000,0,0.000000,0.000000,0,0.000000,0.000000,0,0.000000,0.000000,0,0.000000,0.000000,0,0.000000,0.000000,0,0.000000,0.000000,0,0.000000,0.000000,0,0.000000,0.000000,0,0.000000,0.000000,0,0.000000,0.000000,0,0.000000,0.000000,0,0.000000,0.000000,0,0.000000,0.000000,0,0.000000,0.000000,0,0.000000,0.000000,0,0.000000,0.000000,0,0.000000,0.000000,0,0.000000,0.000000,0,0.000000,0.000000,0
13,0,0,0.420853,0.465522,1,0.484468,0.480153,1,0.452429,0.493934,1,0.420760,0.621092,1,0.349145,0.733737,1,0.539938,0.465808,1,0.602833,0.677423,1,0.508011,0.719539,1,0.555469,0.833129,1,0.523901,0.832875,1,0.000000,0.000000,0,0.000000,0.000000,0,0.595505,0.846240,1,0.547693,0.944944,1,0.000000,0.000000,0,0.412904,0.409656,1,0.436466,0.409169,1,0.000000,0.000000,0,0.476104,0.380794,1,0.000000,0.000000,0,0.000000,0.000000,0,0.000000,0.000000,0,0.000000,0.000000,0,0.000000,0.000000,0,0.000000,0.000000,0,0.000000,0.000000,0,0.000000,0.000000,0,0.000000,0.000000,0,0.000000,0.000000,0,0.000000,0.000000,0,0.000000,0.000000,0,0.000000,0.000000,0,0.000000,0.000000,0,0.000000,0.000000,0,0.000000,0.000000,0,0.000000,0.000000,0,0.000000,0.000000,0,0.000000,0.000000,0,0.000000,0.000000,0,0.000000,0.000000,0,0.000000,0.000000,0,0.000000,0.000000,0,0.000000,0.000000,0,0.000000,0.000000,0,0.000000,0.000000,0,0.000000,0.000000,0,0.000000,0.000000,0,0.000000,0.000000,0,0.000000,0.000000,0,0.000000,0.000000,0,0.000000,0.000000,0,0.000000,0.000000,0,0.000000,0.000000,0,0.000000,0.000000,0,0.000000,0.000000,0,0.000000,0.000000,0,0.000000,0.000000,0,0.000000,0.000000,0,0.000000,0.000000,0,0.000000,0.000000,0,0.000000,0.000000,0,0.000000,0.000000,0,0.000000,0.000000,0,0.000000,0.000000,0,0.000000,0.000000,0,0.000000,0.000000,0,0.000000,0.000000,0,0.000000,0.000000,0,0.000000,0.000000,0,0.000000,0.000000,0,0.000000,0.000000,0,0.000000,0.000000,0,0.000000,0.000000,0,0.000000,0.000000,0,0.000000,0.000000,0,0.000000,0.000000,0,0.000000,0.000000,0,0.000000,0.000000,0,0.000000,0.000000,0,0.000000,0.000000,0,0.000000,0.000000,0,0.000000,0.000000,0,0.000000,0.000000,0,0.000000,0.000000,0,0.000000,0.000000,0,0.000000,0.000000,0,0.000000,0.000000,0,0.000000,0.000000,0,0.000000,0.000000,0,0.000000,0.000000,0,0.000000,0.000000,0,0.000000,0.000000,0,0.000000,0.000000,0,0.000000,0.000000,0,0.000000,0.000000,0,0.000000,0.000000,0,0.000000,0.000000,0,0.000000,0.000000,0,0.000000,0.000000,0,0.000000,0.000000,0,0.000000,0.000000,0,0.000000,0.000000,0,0.000000,0.000000,0,0.000000,0.000000,0,0.000000,0.000000,0,0.000000,0.000000,0,0.000000,0.000000,0,0.000000,0.000000,0,0.000000,0.000000,0,0.000000,0.000000,0,0.000000,0.000000,0,0.000000,0.000000,0,0.000000,0.000000,0,0.000000,0.000000,0,0.000000,0.000000,0,0.000000,0.000000,0,0.000000,0.000000,0,0.000000,0.000000,0,0.000000,0.000000,0,0.000000,0.000000,0,0.000000,0.000000,0,0.000000,0.000000,0,0.000000,0.000000,0,0.000000,0.000000,0,0.000000,0.000000,0,0.000000,0.000000,0,0.000000,0.000000,0,0.000000,0.000000,0,0.000000,0.000000,0,0.000000,0.000000,0,0.000000,0.000000,0,0.000000,0.000000,0,0.000000,0.000000,0,0.000000,0.000000,0,0.000000,0.000000,0,0.000000,0.000000,0,0.000000,0.000000,0,0.000000,0.000000,0
14,0,0,0.452470,0.479363,1,0.515652,0.493476,1,0.460199,0.494315,1,0.404999,0.635277,1,0.293984,0.733347,1,0.563516,0.466073,1,0.611245,0.663387,1,0.515896,0.718995,1,0.555646,0.832472,1,0.523828,0.832031,1,0.000000,0.000000,0,0.000000,0.000000,0,0.603005,0.832813,1,0.000000,0.000000,0,0.000000,0.000000,0,0.428559,0.423309,1,0.467861,0.409425,1,0.000000,0.000000,0,0.492245,0.380834,1,0.000000,0.000000,0,0.000000,0.000000,0,0.000000,0.000000,0,0.000000,0.000000,0,0.000000,0.000000,0,0.000000,0.000000,0,0.000000,0.000000,0,0.000000,0.000000,0,0.000000,0.000000,0,0.000000,0.000000,0,0.000000,0.000000,0,0.000000,0.000000,0,0.000000,0.000000,0,0.000000,0.000000,0,0.000000,0.000000,0,0.000000,0.000000,0,0.000000,0.000000,0,0.000000,0.000000,0,0.000000,0.000000,0,0.000000,0.000000,0,0.000000,0.000000,0,0.000000,0.000000,0,0.000000,0.000000,0,0.000000,0.000000,0,0.000000,0.000000,0,0.000000,0.000000,0,0.000000,0.000000,0,0.000000,0.000000,0,0.000000,0.000000,0,0.000000,0.000000,0,0.000000,0.000000,0,0.000000,0.000000,0,0.000000,0.000000,0,0.000000,0.000000,0,0.000000,0.000000,0,0.000000,0.000000,0,0.000000,0.000000,0,0.000000,0.000000,0,0.000000,0.000000,0,0.000000,0.000000,0,0.000000,0.000000,0,0.000000,0.000000,0,0.000000,0.000000,0,0.000000,0.000000,0,0.000000,0.000000,0,0.000000,0.000000,0,0.000000,0.000000,0,0.000000,0.000000,0,0.000000,0.000000,0,0.000000,0.000000,0,0.000000,0.000000,0,0.000000,0.000000,0,0.000000,0.000000,0,0.000000,0.000000,0,0.000000,0.000000,0,0.000000,0.000000,0,0.000000,0.000000,0,0.000000,0.000000,0,0.000000,0.000000,0,0.000000,0.000000,0,0.000000,0.000000,0,0.000000,0.000000,0,0.000000,0.000000,0,0.000000,0.000000,0,0.000000,0.000000,0,0.000000,0.000000,0,0.000000,0.000000,0,0.000000,0.000000,0,0.000000,0.000000,0,0.000000,0.000000,0,0.000000,0.000000,0,0.000000,0.000000,0,0.000000,0.000000,0,0.000000,0.000000,0,0.000000,0.000000,0,0.000000,0.000000,0,0.000000,0.000000,0,0.000000,0.000000,0,0.000000,0.000000,0,0.000000,0.000000,0,0.000000,0.000000,0,0.000000,0.000000,0,0.000000,0.000000,0,0.000000,0.000000,0,0.000000,0.000000,0,0.000000,0.000000,0,0.000000,0.000000,0,0.000000,0.000000,0,0.000000,0.000000,0,0.000000,0.000000,0,0.000000,0.000000,0,0.000000,0.000000,0,0.000000,0.000000,0,0.000000,0.000000,0,0.000000,0.000000,0,0.000000,0.000000,0,0.000000,0.000000,0,0.000000,0.000000,0,0.000000,0.000000,0,0.000000,0.000000,0,0.000000,0.000000,0,0.000000,0.000000,0,0.000000,0.000000,0,0.000000,0.000000,0,0.000000,0.000000,0,0.000000,0.000000,0,0.000000,0.000000,0,0.000000,0.000000,0,0.000000,0.000000,0,0.000000,0.000000,0,0.000000,0.000000,0,0.000000,0.000000,0,0.000000,0.000000,0,0.000000,0.000000,0,0.000000,0.000000,0,0.000000,0.000000,0,0.000000,0.000000,0,0.000000,0.000000,0,0.000000,0.000000,0
15,0,0,0.452457,0.479371,1,0.515655,0.493483,1,0.460206,0.494335,1,0.404993,0.635287,1,0.293972,0.733348,1,0.563500,0.466075,1,0.611245,0.663389,1,0.515898,0.719009,1,0.555661,0.832482,1,0.523844,0.832037,1,0.000000,0.000000,0,0.000000,0.000000,0,0.603010,0.832823,1,0.000000,0.000000,0,0.000000,0.000000,0,0.428553,0.423318,1,0.467847,0.409435,1,0.000000,0.000000,0,0.492233,0.380838,1,0.000000,0.000000,0,0.000000,0.000000,0,0.000000,0.000000,0,0.000000,0.000000,0,0.000000,0.000000,0,0.000000,0.000000,0,0.000000,0.000000,0,0.000000,0.000000,0,0.000000,0.000000,0,0.000000,0.000000,0,0.000000,0.000000,0,0.000000,0.000000,0,0.000000,0.000000,0,0.000000,0.000000,0,0.000000,0.000000,0,0.000000,0.000000,0,0.000000,0.000000,0,0.000000,0.000000,0,0.000000,0.000000,0,0.000000,0.000000,0,0.000000,0.000000,0,0.000000,0.000000,0,0.000000,0.000000,0,0.000000,0.000000,0,0.000000,0.000000,0,0.000000,0.000000,0,0.000000,0.000000,0,0.000000,0.000000,0,0.000000,0.000000,0,0.000000,0.000000,0,0.000000,0.000000,0,0.000000,0.000000,0,0.000000,0.000000,0,0.000000,0.000000,0,0.000000,0.000000,0,0.000000,0.000000,0,0.000000,0.000000,0,0.000000,0.000000,0,0.000000,0.000000,0,0.000000,0.000000,0,0.000000,0.000000,0,0.000000,0.000000,0,0.000000,0.000000,0,0.000000,0.000000,0,0.000000,0.000000,0,0.000000,0.000000,0,0.000000,0.000000,0,0.000000,0.000000,0,0.000000,0.000000,0,0.000000,0.000000,0,0.000000,0.000000,0,0.000000,0.000000,0,0.000000,0.000000,0,0.000000,0.000000,0,0.000000,0.000000,0,0.000000,0.000000,0,0.000000,0.000000,0,0.000000,0.000000,0,0.000000,0.000000,0,0.000000,0.000000,0,0.000000,0.000000,0,0.000000,0.000000,0,0.000000,0.000000,0,0.000000,0.000000,0,0.000000,0.000000,0,0.000000,0.000000,0,0.000000,0.000000,0,0.000000,0.000000,0,0.000000,0.000000,0,0.000000,0.000000,0,0.000000,0.000000,0,0.000000,0.000000,0,0.000000,0.000000,0,0.000000,0.000000,0,0.000000,0.000000,0,0.000000,0.000000,0,0.000000,0.000000,0,0.000000,0.000000,0,0.000000,0.000000,0,0.000000,0.000000,0,0.000000,0.000000,0,0.000000,0.000000,0,0.000000,0.000000,0,0.000000,0.000000,0,0.000000,0.000000,0,0.000000,0.000000,0,0.000000,0.000000,0,0.000000,0.000000,0,0.000000,0.000000,0,0.000000,0.000000,0,0.000000,0.000000,0,0.000000,0.000000,0,0.000000,0.000000,0,0.000000,0.000000,0,0.000000,0.000000,0,0.000000,0.000000,0,0.000000,0.000000,0,0.000000,0.000000,0,0.000000,0.000000,0,0.000000,0.000000,0,0.000000,0.000000,0,0.000000,0.000000,0,0.000000,0.000000,0,0.000000,0.000000,0,0.000000,0.000000,0,0.000000,0.000000,0,0.000000,0.000000,0,0.000000,0.000000,0,0.000000,0.000000,0,0.000000,0.000000,0,0.000000,0.000000,0,0.000000,0.000000,0,0.000000,0.000000,0,0.000000,0.000000,0,0.000000,0.000000,0,0.000000,0.000000,0,0.000000,0.000000,0,0.000000,0.000000,0,0.000000,0.000000,0
16,0,0,0.468272,0.396131,1,0.523865,0.465588,1,0.460273,0.479989,1,0.397005,0.607369,1,0.285779,0.621705,1,0.594943,0.423455,1,0.658500,0.620499,1,0.555479,0.634937,1,0.547786,0.831897,1,0.515692,0.831820,1,0.460167,0.888832,1,0.000000,0.000000,0,0.602927,0.832045,1,0.595380,0.944620,1,0.000000,0.000000,0,0.460163,0.381740,1,0.476178,0.381658,1,0.000000,0.000000,0,0.531250,0.352816,1,0.000000,0.000000,0,0.000000,0.000000,0,0.000000,0.000000,0,0.000000,0.000000,0,0.000000,0.000000,0,0.000000,0.000000,0,0.000000,0.000000,0,0.000000,0.000000,0,0.000000,0.000000,0,0.000000,0.000000,0,0.000000,0.000000,0,0.000000,0.000000,0,0.000000,0.000000,0,0.000000,0.000000,0,0.000000,0.000000,0,0.000000,0.000000,0,0.000000,0.000000,0,0.000000,0.000000,0,0.000000,0.000000,0,0.000000,0.000000,0,0.000000,0.000000,0,0.000000,0.000000,0,0.000000,0.000000,0,0.000000,0.000000,0,0.000000,0.000000,0,0.000000,0.000000,0,0.000000,0.000000,0,0.000000,0.000000,0,0.000000,0.000000,0,0.000000,0.000000,0,0.000000,0.000000,0,0.000000,0.000000,0,0.000000,0.000000,0,0.000000,0.000000,0,0.000000,0.000000,0,0.000000,0.000000,0,0.000000,0.000000,0,0.000000,0.000000,0,0.000000,0.000000,0,0.000000,0.000000,0,0.000000,0.000000,0,0.000000,0.000000,0,0.000000,0.000000,0,0.000000,0.000000,0,0.000000,0.000000,0,0.000000,0.000000,0,0.000000,0.000000,0,0.000000,0.000000,0,0.000000,0.000000,0,0.000000,0.000000,0,0.000000,0.000000,0,0.000000,0.000000,0,0.000000,0.000000,0,0.000000,0.000000,0,0.000000,0.000000,0,0.000000,0.000000,0,0.000000,0.000000,0,0.000000,0.000000,0,0.000000,0.000000,0,0.000000,0.000000,0,0.000000,0.000000,0,0.000000,0.000000,0,0.000000,0.000000,0,0.000000,0.000000,0,0.000000,0.000000,0,0.000000,0.000000,0,0.000000,0.000000,0,0.000000,0.000000,0,0.000000,0.000000,0,0.000000,0.000000,0,0.000000,0.000000,0,0.000000,0.000000,0,0.000000,0.000000,0,0.000000,0.000000,0,0.000000,0.000000,0,0.000000,0.000000,0,0.000000,0.000000,0,0.000000,0.000000,0,0.000000,0.000000,0,0.000000,0.000000,0,0.000000,0.000000,0,0.000000,0.000000,0,0.000000,0.000000,0,0.000000,0.000000,0,0.000000,0.000000,0,0.000000,0.000000,0,0.000000,0.000000,0,0.000000,0.000000,0,0.000000,0.000000,0,0.000000,0.000000,0,0.000000,0.000000,0,0.000000,0.000000,0,0.000000,0.000000,0,0.000000,0.000000,0,0.000000,0.000000,0,0.000000,0.000000,0,0.000000,0.000000,0,0.000000,0.000000,0,0.000000,0.000000,0,0.000000,0.000000,0,0.000000,0.000000,0,0.000000,0.000000,0,0.000000,0.000000,0,0.000000,0.000000,0,0.000000,0.000000,0,0.000000,0.000000,0,0.000000,0.000000,0,0.000000,0.000000,0,0.000000,0.000000,0,0.000000,0.000000,0,0.000000,0.000000,0,0.000000,0.000000,0,0.000000,0.000000,0,0.000000,0.000000,0,0.000000,0.000000,0,0.000000,0.000000,0,0.000000,0.000000,0,0.000000,0.000000,0,0.000000,0.000000,0
17,0,0,0.468262,0.396129,1,0.523870,0.465582,1,0.460277,0.479984,1,0.397012,0.607365,1,0.285785,0.621706,1,0.594948,0.423456,1,0.658505,0.620506,1,0.555490,0.634933,1,0.547786,0.831919,1,0.515688,0.831840,1,0.460130,0.888818,1,0.000000,0.000000,0,0.602932,0.832070,1,0.595375,0.944657,1,0.000000,0.000000,0,0.460157,0.381734,1,0.476169,0.381657,1,0.000000,0.000000,0,0.531250,0.352799,1,0.000000,0.000000,0,0.000000,0.000000,0,0.000000,0.000000,0,0.000000,0.000000,0,0.000000,0.000000,0,0.000000,0.000000,0,0.000000,0.000000,0,0.000000,0.000000,0,0.000000,0.000000,0,0.000000,0.000000,0,0.000000,0.000000,0,0.000000,0.000000,0,0.000000,0.000000,0,0.000000,0.000000,0,0.000000,0.000000,0,0.000000,0.000000,0,0.000000,0.000000,0,0.000000,0.000000,0,0.000000,0.000000,0,0.000000,0.000000,0,0.000000,0.000000,0,0.000000,0.000000,0,0.000000,0.000000,0,0.000000,0.000000,0,0.000000,0.000000,0,0.000000,0.000000,0,0.000000,0.000000,0,0.000000,0.000000,0,0.000000,0.000000,0,0.000000,0.000000,0,0.000000,0.000000,0,0.000000,0.000000,0,0.000000,0.000000,0,0.000000,0.000000,0,0.000000,0.000000,0,0.000000,0.000000,0,0.000000,0.000000,0,0.000000,0.000000,0,0.000000,0.000000,0,0.000000,0.000000,0,0.000000,0.000000,0,0.000000,0.000000,0,0.000000,0.000000,0,0.000000,0.000000,0,0.000000,0.000000,0,0.000000,0.000000,0,0.000000,0.000000,0,0.000000,0.000000,0,0.000000,0.000000,0,0.000000,0.000000,0,0.000000,0.000000,0,0.000000,0.000000,0,0.000000,0.000000,0,0.000000,0.000000,0,0.000000,0.000000,0,0.000000,0.000000,0,0.000000,0.000000,0,0.000000,0.000000,0,0.000000,0.000000,0,0.000000,0.000000,0,0.000000,0.000000,0,0.000000,0.000000,0,0.000000,0.000000,0,0.000000,0.000000,0,0.000000,0.000000,0,0.000000,0.000000,0,0.000000,0.000000,0,0.000000,0.000000,0,0.000000,0.000000,0,0.000000,0.000000,0,0.000000,0.000000,0,0.000000,0.000000,0,0.000000,0.000000,0,0.000000,0.000000,0,0.000000,0.000000,0,0.000000,0.000000,0,0.000000,0.000000,0,0.000000,0.000000,0,0.000000,0.000000,0,0.000000,0.000000,0,0.000000,0.000000,0,0.000000,0.000000,0,0.000000,0.000000,0,0.000000,0.000000,0,0.000000,0.000000,0,0.000000,0.000000,0,0.000000,0.000000,0,0.000000,0.000000,0,0.000000,0.000000,0,0.000000,0.000000,0,0.000000,0.000000,0,0.000000,0.000000,0,0.000000,0.000000,0,0.000000,0.000000,0,0.000000,0.000000,0,0.000000,0.000000,0,0.000000,0.000000,0,0.000000,0.000000,0,0.000000,0.000000,0,0.000000,0.000000,0,0.000000,0.000000,0,0.000000,0.000000,0,0.000000,0.000000,0,0.000000,0.000000,0,0.000000,0.000000,0,0.000000,0.000000,0,0.000000,0.000000,0,0.000000,0.000000,0,0.000000,0.000000,0,0.000000,0.000000,0,0.000000,0.000000,0,0.000000,0.000000,0,0.000000,0.000000,0,0.000000,0.000000,0,0.000000,0.000000,0,0.000000,0.000000,0,0.000000,0.000000,0,0.000000,0.000000,0,0.000000,0.000000,0
18,0,0,0.476443,0.381394,1,0.531667,0.409203,1,0.460271,0.423768,1,0.404575,0.550691,1,0.341236,0.550456,1,0.602813,0.395254,1,0.666307,0.606193,1,0.579229,0.607357,1,0.555599,0.818558,1,0.515703,0.818569,1,0.467921,0.861013,1,0.000000,0.000000,0,0.610891,0.831961,1,0.602896,0.945463,1,0.000000,0.000000,0,0.468398,0.366975,1,0.492052,0.353237,1,0.452474,0.352828,1,0.532089,0.296562,1,0.000000,0.000000,0,0.000000,0.000000,0,0.000000,0.000000,0,0.000000,0.000000,0,0.000000,0.000000,0,0.000000,0.000000,0,0.000000,0.000000,0,0.000000,0.000000,0,0.000000,0.000000,0,0.000000,0.000000,0,0.000000,0.000000,0,0.000000,0.000000,0,0.000000,0.000000,0,0.000000,0.000000,0,0.000000,0.000000,0,0.000000,0.000000,0,0.000000,0.000000,0,0.000000,0.000000,0,0.000000,0.000000,0,0.000000,0.000000,0,0.000000,0.000000,0,0.000000,0.000000,0,0.000000,0.000000,0,0.000000,0.000000,0,0.000000,0.000000,0,0.000000,0.000000,0,0.000000,0.000000,0,0.000000,0.000000,0,0.000000,0.000000,0,0.000000,0.000000,0,0.000000,0.000000,0,0.000000,0.000000,0,0.000000,0.000000,0,0.000000,0.000000,0,0.000000,0.000000,0,0.000000,0.000000,0,0.000000,0.000000,0,0.000000,0.000000,0,0.000000,0.000000,0,0.000000,0.000000,0,0.000000,0.000000,0,0.000000,0.000000,0,0.000000,0.000000,0,0.000000,0.000000,0,0.000000,0.000000,0,0.000000,0.000000,0,0.000000,0.000000,0,0.000000,0.000000,0,0.000000,0.000000,0,0.000000,0.000000,0,0.000000,0.000000,0,0.000000,0.000000,0,0.000000,0.000000,0,0.000000,0.000000,0,0.000000,0.000000,0,0.000000,0.000000,0,0.000000,0.000000,0,0.000000,0.000000,0,0.000000,0.000000,0,0.000000,0.000000,0,0.000000,0.000000,0,0.000000,0.000000,0,0.000000,0.000000,0,0.000000,0.000000,0,0.000000,0.000000,0,0.000000,0.000000,0,0.000000,0.000000,0,0.000000,0.000000,0,0.000000,0.000000,0,0.000000,0.000000,0,0.000000,0.000000,0,0.000000,0.000000,0,0.000000,0.000000,0,0.000000,0.000000,0,0.000000,0.000000,0,0.000000,0.000000,0,0.000000,0.000000,0,0.000000,0.000000,0,0.000000,0.000000,0,0.000000,0.000000,0,0.000000,0.000000,0,0.000000,0.000000,0,0.000000,0.000000,0,0.000000,0.000000,0,0.000000,0.000000,0,0.000000,0.000000,0,0.000000,0.000000,0,0.000000,0.000000,0,0.000000,0.000000,0,0.000000,0.000000,0,0.000000,0.000000,0,0.000000,0.000000,0,0.000000,0.000000,0,0.000000,0.000000,0,0.000000,0.000000,0,0.000000,0.000000,0,0.000000,0.000000,0,0.000000,0.000000,0,0.000000,0.000000,0,0.000000,0.000000,0,0.000000,0.000000,0,0.000000,0.000000,0,0.000000,0.000000,0,0.000000,0.000000,0,0.000000,0.000000,0,0.000000,0.000000,0,0.000000,0.000000,0,0.000000,0.000000,0,0.000000,0.000000,0,0.000000,0.000000,0,0.000000,0.000000,0,0.000000,0.000000,0,0.000000,0.000000,0,0.000000,0.000000,0,0.000000,0.000000,0,0.000000,0.000000,0,0.000000,0.000000,0,0.000000,0.000000,0,0.000000,0.000000,0
19,0,0,0.476420,0.381395,1,0.531667,0.409194,1,0.460285,0.423745,1,0.404567,0.550716,1,0.341226,0.550427,1,0.602813,0.395246,1,0.666318,0.606171,1,0.579250,0.607366,1,0.555599,0.818579,1,0.515709,0.818581,1,0.467934,0.861029,1,0.000000,0.000000,0,0.610885,0.831985,1,0.602880,0.945509,1,0.000000,0.000000,0,0.468382,0.366970,1,0.492023,0.353242,1,0.452439,0.352860,1,0.532083,0.296541,1,0.000000,0.000000,0,0.000000,0.000000,0,0.000000,0.000000,0,0.000000,0.000000,0,0.000000,0.000000,0,0.000000,0.000000,0,0.000000,0.000000,0,0.000000,0.000000,0,0.000000,0.000000,0,0.000000,0.000000,0,0.000000,0.000000,0,0.000000,0.000000,0,0.000000,0.000000,0,0.000000,0.000000,0,0.000000,0.000000,0,0.000000,0.000000,0,0.000000,0.000000,0,0.000000,0.000000,0,0.000000,0.000000,0,0.000000,0.000000,0,0.000000,0.000000,0,0.000000,0.000000,0,0.000000,0.000000,0,0.000000,0.000000,0,0.000000,0.000000,0,0.000000,0.000000,0,0.000000,0.000000,0,0.000000,0.000000,0,0.000000,0.000000,0,0.000000,0.000000,0,0.000000,0.000000,0,0.000000,0.000000,0,0.000000,0.000000,0,0.000000,0.000000,0,0.000000,0.000000,0,0.000000,0.000000,0,0.000000,0.000000,0,0.000000,0.000000,0,0.000000,0.000000,0,0.000000,0.000000,0,0.000000,0.000000,0,0.000000,0.000000,0,0.000000,0.000000,0,0.000000,0.000000,0,0.000000,0.000000,0,0.000000,0.000000,0,0.000000,0.000000,0,0.000000,0.000000,0,0.000000,0.000000,0,0.000000,0.000000,0,0.000000,0.000000,0,0.000000,0.000000,0,0.000000,0.000000,0,0.000000,0.000000,0,0.000000,0.000000,0,0.000000,0.000000,0,0.000000,0.000000,0,0.000000,0.000000,0,0.000000,0.000000,0,0.000000,0.000000,0,0.000000,0.000000,0,0.000000,0.000000,0,0.000000,0.000000,0,0.000000,0.000000,0,0.000000,0.000000,0,0.000000,0.000000,0,0.000000,0.000000,0,0.000000,0.000000,0,0.000000,0.000000,0,0.000000,0.000000,0,0.000000,0.000000,0,0.000000,0.000000,0,0.000000,0.000000,0,0.000000,0.000000,0,0.000000,0.000000,0,0.000000,0.000000,0,0.000000,0.000000,0,0.000000,0.000000,0,0.000000,0.000000,0,0.000000,0.000000,0,0.000000,0.000000,0,0.000000,0.000000,0,0.000000,0.000000,0,0.000000,0.000000,0,0.000000,0.000000,0,0.000000,0.000000,0,0.000000,0.000000,0,0.000000,0.000000,0,0.000000,0.000000,0,0.000000,0.000000,0,0.000000,0.000000,0,0.000000,0.000000,0,0.000000,0.000000,0,0.000000,0.000000,0,0.000000,0.000000,0,0.000000,0.000000,0,0.000000,0.000000,0,0.000000,0.000000,0,0.000000,0.000000,0,0.000000,0.000000,0,0.000000,0.000000,0,0.000000,0.000000,0,0.000000,0.000000,0,0.000000,0.000000,0,0.000000,0.000000,0,0.000000,0.000000,0,0.000000,0.000000,0,0.000000,0.000000,0,0.000000,0.000000,0,0.000000,0.000000,0,0.000000,0.000000,0,0.000000,0.000000,0,0.000000,0.000000,0,0.000000,0.000000,0,0.000000,0.000000,0,0.000000,0.000000,0,0.000000,0.000000,0,0.000000,0.000000,0,0.000000,0.000000,0
20,0,0,0.500022,0.352857,1,0.532016,0.381081,1,0.467921,0.381507,1,0.404360,0.536403,1,0.420776,0.409306,1,0.603052,0.380693,1,0.666500,0.522181,1,0.602839,0.606294,1,0.547708,0.748058,1,0.507831,0.761783,1,0.484207,0.945732,1,0.000000,0.000000,0,0.603083,0.747932,1,0.595490,0.959713,1,0.000000,0.000000,0,0.476353,0.297089,1,0.523630,0.283357,1,0.468166,0.297124,1,0.539943,0.268879,1,0.000000,0.000000,0,0.000000,0.000000,0,0.000000,0.000000,0,0.000000,0.000000,0,0.000000,0.000000,0,0.000000,0.000000,0,0.000000,0.000000,0,0.000000,0.000000,0,0.000000,0.000000,0,0.000000,0.000000,0,0.000000,0.000000,0,0.000000,0.000000,0,0.000000,0.000000,0,0.000000,0.000000,0,0.000000,0.000000,0,0.000000,0.000000,0,0.000000,0.000000,0,0.000000,0.000000,0,0.000000,0.000000,0,0.000000,0.000000,0,0.000000,0.000000,0,0.000000,0.000000,0,0.000000,0.000000,0,0.000000,0.000000,0,0.000000,0.000000,0,0.000000,0.000000,0,0.000000,0.000000,0,0.000000,0.000000,0,0.000000,0.000000,0,0.000000,0.000000,0,0.000000,0.000000,0,0.000000,0.000000,0,0.000000,0.000000,0,0.000000,0.000000,0,0.000000,0.000000,0,0.000000,0.000000,0,0.000000,0.000000,0,0.000000,0.000000,0,0.000000,0.000000,0,0.000000,0.000000,0,0.000000,0.000000,0,0.000000,0.000000,0,0.000000,0.000000,0,0.000000,0.000000,0,0.000000,0.000000,0,0.000000,0.000000,0,0.000000,0.000000,0,0.000000,0.000000,0,0.000000,0.000000,0,0.000000,0.000000,0,0.000000,0.000000,0,0.000000,0.000000,0,0.000000,0.000000,0,0.000000,0.000000,0,0.000000,0.000000,0,0.000000,0.000000,0,0.000000,0.000000,0,0.000000,0.000000,0,0.000000,0.000000,0,0.000000,0.000000,0,0.000000,0.000000,0,0.000000,0.000000,0,0.000000,0.000000,0,0.000000,0.000000,0,0.000000,0.000000,0,0.000000,0.000000,0,0.000000,0.000000,0,0.000000,0.000000,0,0.000000,0.000000,0,0.000000,0.000000,0,0.000000,0.000000,0,0.000000,0.000000,0,0.000000,0.000000,0,0.000000,0.000000,0,0.000000,0.000000,0,0.000000,0.000000,0,0.000000,0.000000,0,0.000000,0.000000,0,0.000000,0.000000,0,0.000000,0.000000,0,0.000000,0.000000,0,0.000000,0.000000,0,0.000000,0.000000,0,0.000000,0.000000,0,0.000000,0.000000,0,0.000000,0.000000,0,0.000000,0.000000,0,0.000000,0.000000,0,0.000000,0.000000,0,0.000000,0.000000,0,0.000000,0.000000,0,0.000000,0.000000,0,0.000000,0.000000,0,0.000000,0.000000,0,0.000000,0.000000,0,0.000000,0.000000,0,0.000000,0.000000,0,0.000000,0.000000,0,0.000000,0.000000,0,0.000000,0.000000,0,0.000000,0.000000,0,0.000000,0.000000,0,0.000000,0.000000,0,0.000000,0.000000,0,0.000000,0.000000,0,0.000000,0.000000,0,0.000000,0.000000,0,0.000000,0.000000,0,0.000000,0.000000,0,0.000000,0.000000,0,0.000000,0.000000,0,0.000000,0.000000,0,0.000000,0.000000,0,0.000000,0.000000,0,0.000000,0.000000,0,0.000000,0.000000,0,0.000000,0.000000,0,0.000000,0.000000,0,0.000000,0.000000,0
21,0,0,0.500037,0.352876,1,0.532010,0.381066,1,0.467907,0.381491,1,0.404369,0.536435,1,0.420765,0.409305,1,0.603052,0.380694,1,0.666505,0.522181,1,0.602844,0.606295,1,0.547719,0.748040,1,0.507842,0.761766,1,0.484221,0.945741,1,0.000000,0.000000,0,0.603094,0.747916,1,0.595490,0.959722,1,0.000000,0.000000,0,0.476365,0.297106,1,0.523641,0.283374,1,0.468157,0.297067,1,0.539948,0.268876,1,0.000000,0.000000,0,0.000000,0.000000,0,0.000000,0.000000,0,0.000000,0.000000,0,0.000000,0.000000,0,0.000000,0.000000,0,0.000000,0.000000,0,0.000000,0.000000,0,0.000000,0.000000,0,0.000000,0.000000,0,0.000000,0.000000,0,0.000000,0.000000,0,0.000000,0.000000,0,0.000000,0.000000,0,0.000000,0.000000,0,0.000000,0.000000,0,0.000000,0.000000,0,0.000000,0.000000,0,0.000000,0.000000,0,0.000000,0.000000,0,0.000000,0.000000,0,0.000000,0.000000,0,0.000000,0.000000,0,0.000000,0.000000,0,0.000000,0.000000,0,0.000000,0.000000,0,0.000000,0.000000,0,0.000000,0.000000,0,0.000000,0.000000,0,0.000000,0.000000,0,0.000000,0.000000,0,0.000000,0.000000,0,0.000000,0.000000,0,0.000000,0.000000,0,0.000000,0.000000,0,0.000000,0.000000,0,0.000000,0.000000,0,0.000000,0.000000,0,0.000000,0.000000,0,0.000000,0.000000,0,0.000000,0.000000,0,0.000000,0.000000,0,0.000000,0.000000,0,0.000000,0.000000,0,0.000000,0.000000,0,0.000000,0.000000,0,0.000000,0.000000,0,0.000000,0.000000,0,0.000000,0.000000,0,0.000000,0.000000,0,0.000000,0.000000,0,0.000000,0.000000,0,0.000000,0.000000,0,0.000000,0.000000,0,0.000000,0.000000,0,0.000000,0.000000,0,0.000000,0.000000,0,0.000000,0.000000,0,0.000000,0.000000,0,0.000000,0.000000,0,0.000000,0.000000,0,0.000000,0.000000,0,0.000000,0.000000,0,0.000000,0.000000,0,0.000000,0.000000,0,0.000000,0.000000,0,0.000000,0.000000,0,0.000000,0.000000,0,0.000000,0.000000,0,0.000000,0.000000,0,0.000000,0.000000,0,0.000000,0.000000,0,0.000000,0.000000,0,0.000000,0.000000,0,0.000000,0.000000,0,0.000000,0.000000,0,0.000000,0.000000,0,0.000000,0.000000,0,0.000000,0.000000,0,0.000000,0.000000,0,0.000000,0.000000,0,0.000000,0.000000,0,0.000000,0.000000,0,0.000000,0.000000,0,0.000000,0.000000,0,0.000000,0.000000,0,0.000000,0.000000,0,0.000000,0.000000,0,0.000000,0.000000,0,0.000000,0.000000,0,0.000000,0.000000,0,0.000000,0.000000,0,0.000000,0.000000,0,0.000000,0.000000,0,0.000000,0.000000,0,0.000000,0.000000,0,0.000000,0.000000,0,0.000000,0.000000,0,0.000000,0.000000,0,0.000000,0.000000,0,0.000000,0.000000,0,0.000000,0.000000,0,0.000000,0.000000,0,0.000000,0.000000,0,0.000000,0.000000,0,0.000000,0.000000,0,0.000000,0.000000,0,0.000000,0.000000,0,0.000000,0.000000,0,0.000000,0.000000,0,0.000000,0.000000,0,0.000000,0.000000,0,0.000000,0.000000,0,0.000000,0.000000,0,0.000000,0.000000,0,0.000000,0.000000,0,0.000000,0.000000,0,0.000000,0.000000,0,0.000000,0.000000,0
22,0,0,0.523714,0.296826,1,0.539797,0.381136,1,0.476112,0.381735,1,0.405120,0.522768,1,0.460306,0.395414,1,0.603516,0.380428,1,0.666557,0.508499,1,0.603135,0.564746,1,0.547500,0.747788,1,0.507767,0.748245,1,0.499919,0.959333,1,0.000000,0.000000,0,0.602786,0.747655,1,0.602906,0.959648,1,0.000000,0.000000,0,0.492219,0.282589,1,0.531880,0.281959,1,0.484092,0.282629,1,0.555547,0.267587,1,0.000000,0.000000,0,0.000000,0.000000,0,0.000000,0.000000,0,0.000000,0.000000,0,0.000000,0.000000,0,0.000000,0.000000,0,0.000000,0.000000,0,0.000000,0.000000,0,0.000000,0.000000,0,0.000000,0.000000,0,0.000000,0.000000,0,0.000000,0.000000,0,0.000000,0.000000,0,0.000000,0.000000,0,0.000000,0.000000,0,0.000000,0.000000,0,0.000000,0.000000,0,0.000000,0.000000,0,0.000000,0.000000,0,0.000000,0.000000,0,0.000000,0.000000,0,0.000000,0.000000,0,0.000000,0.000000,0,0.000000,0.000000,0,0.000000,0.000000,0,0.000000,0.000000,0,0.000000,0.000000,0,0.000000,0.000000,0,0.000000,0.000000,0,0.000000,0.000000,0,0.000000,0.000000,0,0.000000,0.000000,0,0.000000,0.000000,0,0.000000,0.000000,0,0.000000,0.000000,0,0.000000,0.000000,0,0.000000,0.000000,0,0.000000,0.000000,0,0.000000,0.000000,0,0.000000,0.000000,0,0.000000,0.000000,0,0.000000,0.000000,0,0.000000,0.000000,0,0.000000,0.000000,0,0.000000,0.000000,0,0.000000,0.000000,0,0.000000,0.000000,0,0.000000,0.000000,0,0.000000,0.000000,0,0.000000,0.000000,0,0.000000,0.000000,0,0.000000,0.000000,0,0.000000,0.000000,0,0.000000,0.000000,0,0.000000,0.000000,0,0.000000,0.000000,0,0.000000,0.000000,0,0.000000,0.000000,0,0.000000,0.000000,0,0.000000,0.000000,0,0.000000,0.000000,0,0.000000,0.000000,0,0.000000,0.000000,0,0.000000,0.000000,0,0.000000,0.000000,0,0.000000,0.000000,0,0.000000,0.000000,0,0.000000,0.000000,0,0.000000,0.000000,0,0.000000,0.000000,0,0.000000,0.000000,0,0.000000,0.000000,0,0.000000,0.000000,0,0.000000,0.000000,0,0.000000,0.000000,0,0.000000,0.000000,0,0.000000,0.000000,0,0.000000,0.000000,0,0.000000,0.000000,0,0.000000,0.000000,0,0.000000,0.000000,0,0.000000,0.000000,0,0.000000,0.000000,0,0.000000,0.000000,0,0.000000,0.000000,0,0.000000,0.000000,0,0.000000,0.000000,0,0.000000,0.000000,0,0.000000,0.000000,0,0.000000,0.000000,0,0.000000,0.000000,0,0.000000,0.000000,0,0.000000,0.000000,0,0.000000,0.000000,0,0.000000,0.000000,0,0.000000,0.000000,0,0.000000,0.000000,0,0.000000,0.000000,0,0.000000,0.000000,0,0.000000,0.000000,0,0.000000,0.000000,0,0.000000,0.000000,0,0.000000,0.000000,0,0.000000,0.000000,0,0.000000,0.000000,0,0.000000,0.000000,0,0.000000,0.000000,0,0.000000,0.000000,0,0.000000,0.000000,0,0.000000,0.000000,0,0.000000,0.000000,0,0.000000,0.000000,0,0.000000,0.000000,0,0.000000,0.000000,0,0.000000,0.000000,0,0.000000,0.000000,0,0.000000,0.000000,0,0.000000,0.000000,0,0.000000,0.000000,0
23,0,0,0.523729,0.296803,1,0.539792,0.381142,1,0.476099,0.381739,1,0.405124,0.522765,1,0.460298,0.395428,1,0.603516,0.380442,1,0.666542,0.508518,1,0.603151,0.578250,1,0.547484,0.747775,1,0.500159,0.748236,1,0.499972,0.959407,1,0.000000,0.000000,0,0.602760,0.747641,1,0.602891,0.959713,1,0.000000,0.000000,0,0.492243,0.282572,1,0.531891,0.281950,1,0.484097,0.282649,1,0.555552,0.267604,1,0.000000,0.000000,0,0.000000,0.000000,0,0.000000,0.000000,0,0.000000,0.000000,0,0.000000,0.000000,0,0.000000,0.000000,0,0.000000,0.000000,0,0.000000,0.000000,0,0.000000,0.000000,0,0.000000,0.000000,0,0.000000,0.000000,0,0.000000,0.000000,0,0.000000,0.000000,0,0.000000,0.000000,0,0.000000,0.000000,0,0.000000,0.000000,0,0.000000,0.000000,0,0.000000,0.000000,0,0.000000,0.000000,0,0.000000,0.000000,0,0.000000,0.000000,0,0.000000,0.000000,0,0.000000,0.000000,0,0.000000,0.000000,0,0.000000,0.000000,0,0.000000,0.000000,0,0.000000,0.000000,0,0.000000,0.000000,0,0.000000,0.000000,0,0.000000,0.000000,0,0.000000,0.000000,0,0.000000,0.000000,0,0.000000,0.000000,0,0.000000,0.000000,0,0.000000,0.000000,0,0.000000,0.000000,0,0.000000,0.000000,0,0.000000,0.000000,0,0.000000,0.000000,0,0.000000,0.000000,0,0.000000,0.000000,0,0.000000,0.000000,0,0.000000,0.000000,0,0.000000,0.000000,0,0.000000,0.000000,0,0.000000,0.000000,0,0.000000,0.000000,0,0.000000,0.000000,0,0.000000,0.000000,0,0.000000,0.000000,0,0.000000,0.000000,0,0.000000,0.000000,0,0.000000,0.000000,0,0.000000,0.000000,0,0.000000,0.000000,0,0.000000,0.000000,0,0.000000,0.000000,0,0.000000,0.000000,0,0.000000,0.000000,0,0.000000,0.000000,0,0.000000,0.000000,0,0.000000,0.000000,0,0.000000,0.000000,0,0.000000,0.000000,0,0.000000,0.000000,0,0.000000,0.000000,0,0.000000,0.000000,0,0.000000,0.000000,0,0.000000,0.000000,0,0.000000,0.000000,0,0.000000,0.000000,0,0.000000,0.000000,0,0.000000,0.000000,0,0.000000,0.000000,0,0.000000,0.000000,0,0.000000,0.000000,0,0.000000,0.000000,0,0.000000,0.000000,0,0.000000,0.000000,0,0.000000,0.000000,0,0.000000,0.000000,0,0.000000,0.000000,0,0.000000,0.000000,0,0.000000,0.000000,0,0.000000,0.000000,0,0.000000,0.000000,0,0.000000,0.000000,0,0.000000,0.000000,0,0.000000,0.000000,0,0.000000,0.000000,0,0.000000,0.000000,0,0.000000,0.000000,0,0.000000,0.000000,0,0.000000,0.000000,0,0.000000,0.000000,0,0.000000,0.000000,0,0.000000,0.000000,0,0.000000,0.000000,0,0.000000,0.000000,0,0.000000,0.000000,0,0.000000,0.000000,0,0.000000,0.000000,0,0.000000,0.000000,0,0.000000,0.000000,0,0.000000,0.000000,0,0.000000,0.000000,0,0.000000,0.000000,0,0.000000,0.000000,0,0.000000,0.000000,0,0.000000,0.000000,0,0.000000,0.000000,0,0.000000,0.000000,0,0.000000,0.000000,0,0.000000,0.000000,0,0.000000,0.000000,0,0.000000,0.000000,0,0.000000,0.000000,0,0.000000,0.000000,0,0.000000,0.000000,0
24,0,0,0.531531,0.296407,1,0.539411,0.381541,1,0.468137,0.395034,1,0.412838,0.592723,1,0.468077,0.437493,1,0.603240,0.380863,1,0.666615,0.522128,1,0.603443,0.578747,1,0.539870,0.761999,1,0.491976,0.776094,1,0.507814,0.959222,1,0.000000,0.000000,0,0.595365,0.748408,1,0.602911,0.959370,1,0.000000,0.000000,0,0.515679,0.282099,1,0.539521,0.268968,1,0.484083,0.282129,1,0.563542,0.267870,1,0.000000,0.000000,0,0.000000,0.000000,0,0.000000,0.000000,0,0.000000,0.000000,0,0.000000,0.000000,0,0.000000,0.000000,0,0.000000,0.000000,0,0.000000,0.000000,0,0.000000,0.000000,0,0.000000,0.000000,0,0.000000,0.000000,0,0.000000,0.000000,0,0.000000,0.000000,0,0.000000,0.000000,0,0.000000,0.000000,0,0.000000,0.000000,0,0.000000,0.000000,0,0.000000,0.000000,0,0.000000,0.000000,0,0.000000,0.000000,0,0.000000,0.000000,0,0.000000,0.000000,0,0.000000,0.000000,0,0.000000,0.000000,0,0.000000,0.000000,0,0.000000,0.000000,0,0.000000,0.000000,0,0.000000,0.000000,0,0.000000,0.000000,0,0.000000,0.000000,0,0.000000,0.000000,0,0.000000,0.000000,0,0.000000,0.000000,0,0.000000,0.000000,0,0.000000,0.000000,0,0.000000,0.000000,0,0.000000,0.000000,0,0.000000,0.000000,0,0.000000,0.000000,0,0.000000,0.000000,0,0.000000,0.000000,0,0.000000,0.000000,0,0.000000,0.000000,0,0.000000,0.000000,0,0.000000,0.000000,0,0.000000,0.000000,0,0.000000,0.000000,0,0.000000,0.000000,0,0.000000,0.000000,0,0.000000,0.000000,0,0.000000,0.000000,0,0.000000,0.000000,0,0.000000,0.000000,0,0.000000,0.000000,0,0.000000,0.000000,0,0.000000,0.000000,0,0.000000,0.000000,0,0.000000,0.000000,0,0.000000,0.000000,0,0.000000,0.000000,0,0.000000,0.000000,0,0.000000,0.000000,0,0.000000,0.000000,0,0.000000,0.000000,0,0.000000,0.000000,0,0.000000,0.000000,0,0.000000,0.000000,0,0.000000,0.000000,0,0.000000,0.000000,0,0.000000,0.000000,0,0.000000,0.000000,0,0.000000,0.000000,0,0.000000,0.000000,0,0.000000,0.000000,0,0.000000,0.000000,0,0.000000,0.000000,0,0.000000,0.000000,0,0.000000,0.000000,0,0.000000,0.000000,0,0.000000,0.000000,0,0.000000,0.000000,0,0.000000,0.000000,0,0.000000,0.000000,0,0.000000,0.000000,0,0.000000,0.000000,0,0.000000,0.000000,0,0.000000,0.000000,0,0.000000,0.000000,0,0.000000,0.000000,0,0.000000,0.000000,0,0.000000,0.000000,0,0.000000,0.000000,0,0.000000,0.000000,0,0.000000,0.000000,0,0.000000,0.000000,0,0.000000,0.000000,0,0.000000,0.000000,0,0.000000,0.000000,0,0.000000,0.000000,0,0.000000,0.000000,0,0.000000,0.000000,0,0.000000,0.000000,0,0.000000,0.000000,0,0.000000,0.000000,0,0.000000,0.000000,0,0.000000,0.000000,0,0.000000,0.000000,0,0.000000,0.000000,0,0.000000,0.000000,0,0.000000,0.000000,0,0.000000,0.000000,0,0.000000,0.000000,0,0.000000,0.000000,0,0.000000,0.000000,0,0.000000,0.000000,0,0.000000,0.000000,0,0.000000,0.000000,0,0.000000,0.000000,0,0.000000,0.000000,0
25,0,0,0.531531,0.296405,1,0.539411,0.381544,1,0.468135,0.395031,1,0.412838,0.592723,1,0.468087,0.437475,1,0.603240,0.380870,1,0.666609,0.522136,1,0.603443,0.578748,1,0.539865,0.762009,1,0.491972,0.776101,1,0.507807,0.959231,1,0.000000,0.000000,0,0.595375,0.761739,1,0.602906,0.959389,1,0.000000,0.000000,0,0.515678,0.282094,1,0.539521,0.268964,1,0.484084,0.282128,1,0.563552,0.267865,1,0.000000,0.000000,0,0.000000,0.000000,0,0.000000,0.000000,0,0.000000,0.000000,0,0.000000,0.000000,0,0.000000,0.000000,0,0.000000,0.000000,0,0.000000,0.000000,0,0.000000,0.000000,0,0.000000,0.000000,0,0.000000,0.000000,0,0.000000,0.000000,0,0.000000,0.000000,0,0.000000,0.000000,0,0.000000,0.000000,0,0.000000,0.000000,0,0.000000,0.000000,0,0.000000,0.000000,0,0.000000,0.000000,0,0.000000,0.000000,0,0.000000,0.000000,0,0.000000,0.000000,0,0.000000,0.000000,0,0.000000,0.000000,0,0.000000,0.000000,0,0.000000,0.000000,0,0.000000,0.000000,0,0.000000,0.000000,0,0.000000,0.000000,0,0.000000,0.000000,0,0.000000,0.000000,0,0.000000,0.000000,0,0.000000,0.000000,0,0.000000,0.000000,0,0.000000,0.000000,0,0.000000,0.000000,0,0.000000,0.000000,0,0.000000,0.000000,0,0.000000,0.000000,0,0.000000,0.000000,0,0.000000,0.000000,0,0.000000,0.000000,0,0.000000,0.000000,0,0.000000,0.000000,0,0.000000,0.000000,0,0.000000,0.000000,0,0.000000,0.000000,0,0.000000,0.000000,0,0.000000,0.000000,0,0.000000,0.000000,0,0.000000,0.000000,0,0.000000,0.000000,0,0.000000,0.000000,0,0.000000,0.000000,0,0.000000,0.000000,0,0.000000,0.000000,0,0.000000,0.000000,0,0.000000,0.000000,0,0.000000,0.000000,0,0.000000,0.000000,0,0.000000,0.000000,0,0.000000,0.000000,0,0.000000,0.000000,0,0.000000,0.000000,0,0.000000,0.000000,0,0.000000,0.000000,0,0.000000,0.000000,0,0.000000,0.000000,0,0.000000,0.000000,0,0.000000,0.000000,0,0.000000,0.000000,0,0.000000,0.000000,0,0.000000,0.000000,0,0.000000,0.000000,0,0.000000,0.000000,0,0.000000,0.000000,0,0.000000,0.000000,0,0.000000,0.000000,0,0.000000,0.000000,0,0.000000,0.000000,0,0.000000,0.000000,0,0.000000,0.000000,0,0.000000,0.000000,0,0.000000,0.000000,0,0.000000,0.000000,0,0.000000,0.000000,0,0.000000,0.000000,0,0.000000,0.000000,0,0.000000,0.000000,0,0.000000,0.000000,0,0.000000,0.000000,0,0.000000,0.000000,0,0.000000,0.000000,0,0.000000,0.000000,0,0.000000,0.000000,0,0.000000,0.000000,0,0.000000,0.000000,0,0.000000,0.000000,0,0.000000,0.000000,0,0.000000,0.000000,0,0.000000,0.000000,0,0.000000,0.000000,0,0.000000,0.000000,0,0.000000,0.000000,0,0.000000,0.000000,0,0.000000,0.000000,0,0.000000,0.000000,0,0.000000,0.000000,0,0.000000,0.000000,0,0.000000,0.000000,0,0.000000,0.000000,0,0.000000,0.000000,0,0.000000,0.000000,0,0.000000,0.000000,0,0.000000,0.000000,0,0.000000,0.000000,0,0.000000,0.000000,0,0.000000,0.000000,0,0.000000,0.000000,0
26,0,0,0.523635,0.297187,1,0.531755,0.395322,1,0.460390,0.409144,1,0.404960,0.606906,1,0.460201,0.507996,1,0.602776,0.381720,1,0.666208,0.536668,1,0.602885,0.592617,1,0.539516,0.762281,1,0.484244,0.790009,1,0.507997,0.944917,1,0.000000,0.000000,0,0.594922,0.761987,1,0.595187,0.945685,1,0.000000,0.000000,0,0.492149,0.282830,1,0.531771,0.282390,1,0.476129,0.283052,1,0.547531,0.281946,1,0.000000,0.000000,0,0.000000,0.000000,0,0.000000,0.000000,0,0.000000,0.000000,0,0.000000,0.000000,0,0.000000,0.000000,0,0.000000,0.000000,0,0.000000,0.000000,0,0.000000,0.000000,0,0.000000,0.000000,0,0.000000,0.000000,0,0.000000,0.000000,0,0.000000,0.000000,0,0.000000,0.000000,0,0.000000,0.000000,0,0.000000,0.000000,0,0.000000,0.000000,0,0.000000,0.000000,0,0.000000,0.000000,0,0.000000,0.000000,0,0.000000,0.000000,0,0.000000,0.000000,0,0.000000,0.000000,0,0.000000,0.000000,0,0.000000,0.000000,0,0.000000,0.000000,0,0.000000,0.000000,0,0.000000,0.000000,0,0.000000,0.000000,0,0.000000,0.000000,0,0.000000,0.000000,0,0.000000,0.000000,0,0.000000,0.000000,0,0.000000,0.000000,0,0.000000,0.000000,0,0.000000,0.000000,0,0.000000,0.000000,0,0.000000,0.000000,0,0.000000,0.000000,0,0.000000,0.000000,0,0.000000,0.000000,0,0.000000,0.000000,0,0.000000,0.000000,0,0.000000,0.000000,0,0.000000,0.000000,0,0.000000,0.000000,0,0.000000,0.000000,0,0.000000,0.000000,0,0.000000,0.000000,0,0.000000,0.000000,0,0.000000,0.000000,0,0.000000,0.000000,0,0.000000,0.000000,0,0.000000,0.000000,0,0.000000,0.000000,0,0.000000,0.000000,0,0.000000,0.000000,0,0.000000,0.000000,0,0.000000,0.000000,0,0.000000,0.000000,0,0.000000,0.000000,0,0.000000,0.000000,0,0.000000,0.000000,0,0.000000,0.000000,0,0.000000,0.000000,0,0.000000,0.000000,0,0.000000,0.000000,0,0.000000,0.000000,0,0.000000,0.000000,0,0.000000,0.000000,0,0.000000,0.000000,0,0.000000,0.000000,0,0.000000,0.000000,0,0.000000,0.000000,0,0.000000,0.000000,0,0.000000,0.000000,0,0.000000,0.000000,0,0.000000,0.000000,0,0.000000,0.000000,0,0.000000,0.000000,0,0.000000,0.000000,0,0.000000,0.000000,0,0.000000,0.000000,0,0.000000,0.000000,0,0.000000,0.000000,0,0.000000,0.000000,0,0.000000,0.000000,0,0.000000,0.000000,0,0.000000,0.000000,0,0.000000,0.000000,0,0.000000,0.000000,0,0.000000,0.000000,0,0.000000,0.000000,0,0.000000,0.000000,0,0.000000,0.000000,0,0.000000,0.000000,0,0.000000,0.000000,0,0.000000,0.000000,0,0.000000,0.000000,0,0.000000,0.000000,0,0.000000,0.000000,0,0.000000,0.000000,0,0.000000,0.000000,0,0.000000,0.000000,0,0.000000,0.000000,0,0.000000,0.000000,0,0.000000,0.000000,0,0.000000,0.000000,0,0.000000,0.000000,0,0.000000,0.000000,0,0.000000,0.000000,0,0.000000,0.000000,0,0.000000,0.000000,0,0.000000,0.000000,0,0.000000,0.000000,0,0.000000,0.000000,0,0.000000,0.000000,0,0.000000,0.000000,0,0.000000,0.000000,0
27,0,0,0.523630,0.297194,1,0.531750,0.395303,1,0.460393,0.396145,1,0.404961,0.606915,1,0.460199,0.507989,1,0.602771,0.381701,1,0.666203,0.536707,1,0.602839,0.592646,1,0.539516,0.762284,1,0.484242,0.790008,1,0.507989,0.944954,1,0.000000,0.000000,0,0.594922,0.761994,1,0.595198,0.945722,1,0.000000,0.000000,0,0.492148,0.282834,1,0.531771,0.282394,1,0.476128,0.283045,1,0.547536,0.281945,1,0.000000,0.000000,0,0.000000,0.000000,0,0.000000,0.000000,0,0.000000,0.000000,0,0.000000,0.000000,0,0.000000,0.000000,0,0.000000,0.000000,0,0.000000,0.000000,0,0.000000,0.000000,0,0.000000,0.000000,0,0.000000,0.000000,0,0.000000,0.000000,0,0.000000,0.000000,0,0.000000,0.000000,0,0.000000,0.000000,0,0.000000,0.000000,0,0.000000,0.000000,0,0.000000,0.000000,0,0.000000,0.000000,0,0.000000,0.000000,0,0.000000,0.000000,0,0.000000,0.000000,0,0.000000,0.000000,0,0.000000,0.000000,0,0.000000,0.000000,0,0.000000,0.000000,0,0.000000,0.000000,0,0.000000,0.000000,0,0.000000,0.000000,0,0.000000,0.000000,0,0.000000,0.000000,0,0.000000,0.000000,0,0.000000,0.000000,0,0.000000,0.000000,0,0.000000,0.000000,0,0.000000,0.000000,0,0.000000,0.000000,0,0.000000,0.000000,0,0.000000,0.000000,0,0.000000,0.000000,0,0.000000,0.000000,0,0.000000,0.000000,0,0.000000,0.000000,0,0.000000,0.000000,0,0.000000,0.000000,0,0.000000,0.000000,0,0.000000,0.000000,0,0.000000,0.000000,0,0.000000,0.000000,0,0.000000,0.000000,0,0.000000,0.000000,0,0.000000,0.000000,0,0.000000,0.000000,0,0.000000,0.000000,0,0.000000,0.000000,0,0.000000,0.000000,0,0.000000,0.000000,0,0.000000,0.000000,0,0.000000,0.000000,0,0.000000,0.000000,0,0.000000,0.000000,0,0.000000,0.000000,0,0.000000,0.000000,0,0.000000,0.000000,0,0.000000,0.000000,0,0.000000,0.000000,0,0.000000,0.000000,0,0.000000,0.000000,0,0.000000,0.000000,0,0.000000,0.000000,0,0.000000,0.000000,0,0.000000,0.000000,0,0.000000,0.000000,0,0.000000,0.000000,0,0.000000,0.000000,0,0.000000,0.000000,0,0.000000,0.000000,0,0.000000,0.000000,0,0.000000,0.000000,0,0.000000,0.000000,0,0.000000,0.000000,0,0.000000,0.000000,0,0.000000,0.000000,0,0.000000,0.000000,0,0.000000,0.000000,0,0.000000,0.000000,0,0.000000,0.000000,0,0.000000,0.000000,0,0.000000,0.000000,0,0.000000,0.000000,0,0.000000,0.000000,0,0.000000,0.000000,0,0.000000,0.000000,0,0.000000,0.000000,0,0.000000,0.000000,0,0.000000,0.000000,0,0.000000,0.000000,0,0.000000,0.000000,0,0.000000,0.000000,0,0.000000,0.000000,0,0.000000,0.000000,0,0.000000,0.000000,0,0.000000,0.000000,0,0.000000,0.000000,0,0.000000,0.000000,0,0.000000,0.000000,0,0.000000,0.000000,0,0.000000,0.000000,0,0.000000,0.000000,0,0.000000,0.000000,0,0.000000,0.000000,0,0.000000,0.000000,0,0.000000,0.000000,0,0.000000,0.000000,0,0.000000,0.000000,0,0.000000,0.000000,0,0.000000,0.000000,0,0.000000,0.000000,0,0.000000,0.000000,0
